priority,site,page_id,page_family,canonical_candidate,primary_query,query_2,query_3,truth_score,quality_score,provenance_score,current_state,reason_for_priority
251,fixcode,fix:bosch:dishwasher:e15,error-code,/fixcode/bosch/dishwasher/e15-error,bosch e15 error,bosch dishwasher e15,bosch error code e15,100,68,100,SEO_CANDIDATE,already SEO_CANDIDATE after Truth Gate; FixCode error-code (highest leverage); known brand with existing provenance; actionable diagnostic; not a near-duplicate
251,fixcode,fix:bosch:dishwasher:e24,error-code,/fixcode/bosch/dishwasher/e24-error,bosch e24 error,bosch dishwasher e24,bosch error code e24,100,68,100,SEO_CANDIDATE,already SEO_CANDIDATE after Truth Gate; FixCode error-code (highest leverage); known brand with existing provenance; actionable diagnostic; not a near-duplicate
251,fixcode,fix:bosch:dishwasher:e25,error-code,/fixcode/bosch/dishwasher/e25-error,bosch e25 error,bosch dishwasher e25,bosch error code e25,100,68,100,SEO_CANDIDATE,already SEO_CANDIDATE after Truth Gate; FixCode error-code (highest leverage); known brand with existing provenance; actionable diagnostic; not a near-duplicate
251,fixcode,fix:bosch:washer:e18,error-code,/fixcode/bosch/washer/e18-error,bosch e18 error,bosch washer e18,bosch error code e18,100,68,100,SEO_CANDIDATE,already SEO_CANDIDATE after Truth Gate; FixCode error-code (highest leverage); known brand with existing provenance; actionable diagnostic; not a near-duplicate
251,fixcode,fix:miele:washer:f70,error-code,/fixcode/miele/washer/f70-error,miele f70 error,miele washer f70,miele error code f70,100,68,100,SEO_CANDIDATE,already SEO_CANDIDATE after Truth Gate; FixCode error-code (highest leverage); known brand with existing provenance; actionable diagnostic; not a near-duplicate
251,fixcode,fix:bosch:dishwasher:e09,error-code,/fixcode/bosch/dishwasher/e09-error,bosch e09 error,bosch dishwasher e09,bosch error code e09,100,68,100,SEO_CANDIDATE,already SEO_CANDIDATE after Truth Gate; FixCode error-code (highest leverage); known brand with existing provenance; actionable diagnostic; not a near-duplicate
251,fixcode,fix:bosch:dishwasher:e14,error-code,/fixcode/bosch/dishwasher/e14-error,bosch e14 error,bosch dishwasher e14,bosch error code e14,100,68,100,SEO_CANDIDATE,already SEO_CANDIDATE after Truth Gate; FixCode error-code (highest leverage); known brand with existing provenance; actionable diagnostic; not a near-duplicate
251,fixcode,fix:bosch:dishwasher:e22,error-code,/fixcode/bosch/dishwasher/e22-error,bosch e22 error,bosch dishwasher e22,bosch error code e22,100,68,100,SEO_CANDIDATE,already SEO_CANDIDATE after Truth Gate; FixCode error-code (highest leverage); known brand with existing provenance; actionable diagnostic; not a near-duplicate
251,fixcode,fix:bosch:dishwasher:e01,error-code,/fixcode/bosch/dishwasher/e01-error,bosch e01 error,bosch dishwasher e01,bosch error code e01,100,68,100,SEO_CANDIDATE,already SEO_CANDIDATE after Truth Gate; FixCode error-code (highest leverage); known brand with existing provenance; actionable diagnostic; not a near-duplicate
251,fixcode,fix:bosch:dishwasher:e02,error-code,/fixcode/bosch/dishwasher/e02-error,bosch e02 error,bosch dishwasher e02,bosch error code e02,100,68,100,SEO_CANDIDATE,already SEO_CANDIDATE after Truth Gate; FixCode error-code (highest leverage); known brand with existing provenance; actionable diagnostic; not a near-duplicate
251,fixcode,fix:bosch:dishwasher:e04,error-code,/fixcode/bosch/dishwasher/e04-error,bosch e04 error,bosch dishwasher e04,bosch error code e04,100,68,100,SEO_CANDIDATE,already SEO_CANDIDATE after Truth Gate; FixCode error-code (highest leverage); known brand with existing provenance; actionable diagnostic; not a near-duplicate
251,fixcode,fix:bosch:dishwasher:e06,error-code,/fixcode/bosch/dishwasher/e06-error,bosch e06 error,bosch dishwasher e06,bosch error code e06,100,68,100,SEO_CANDIDATE,already SEO_CANDIDATE after Truth Gate; FixCode error-code (highest leverage); known brand with existing provenance; actionable diagnostic; not a near-duplicate
251,fixcode,fix:bosch:dishwasher:e07,error-code,/fixcode/bosch/dishwasher/e07-error,bosch e07 error,bosch dishwasher e07,bosch error code e07,100,68,100,SEO_CANDIDATE,already SEO_CANDIDATE after Truth Gate; FixCode error-code (highest leverage); known brand with existing provenance; actionable diagnostic; not a near-duplicate
251,fixcode,fix:bosch:dishwasher:e08,error-code,/fixcode/bosch/dishwasher/e08-error,bosch e08 error,bosch dishwasher e08,bosch error code e08,100,68,100,SEO_CANDIDATE,already SEO_CANDIDATE after Truth Gate; FixCode error-code (highest leverage); known brand with existing provenance; actionable diagnostic; not a near-duplicate
251,fixcode,fix:bosch:dishwasher:e10,error-code,/fixcode/bosch/dishwasher/e10-error,bosch e10 error,bosch dishwasher e10,bosch error code e10,100,68,100,SEO_CANDIDATE,already SEO_CANDIDATE after Truth Gate; FixCode error-code (highest leverage); known brand with existing provenance; actionable diagnostic; not a near-duplicate
251,fixcode,fix:bosch:dishwasher:e11,error-code,/fixcode/bosch/dishwasher/e11-error,bosch e11 error,bosch dishwasher e11,bosch error code e11,100,68,100,SEO_CANDIDATE,already SEO_CANDIDATE after Truth Gate; FixCode error-code (highest leverage); known brand with existing provenance; actionable diagnostic; not a near-duplicate
251,fixcode,fix:bosch:dishwasher:e12,error-code,/fixcode/bosch/dishwasher/e12-error,bosch e12 error,bosch dishwasher e12,bosch error code e12,100,68,100,SEO_CANDIDATE,already SEO_CANDIDATE after Truth Gate; FixCode error-code (highest leverage); known brand with existing provenance; actionable diagnostic; not a near-duplicate
251,fixcode,fix:bosch:dishwasher:e13,error-code,/fixcode/bosch/dishwasher/e13-error,bosch e13 error,bosch dishwasher e13,bosch error code e13,100,68,100,SEO_CANDIDATE,already SEO_CANDIDATE after Truth Gate; FixCode error-code (highest leverage); known brand with existing provenance; actionable diagnostic; not a near-duplicate
251,fixcode,fix:bosch:dishwasher:e16,error-code,/fixcode/bosch/dishwasher/e16-error,bosch e16 error,bosch dishwasher e16,bosch error code e16,100,68,100,SEO_CANDIDATE,already SEO_CANDIDATE after Truth Gate; FixCode error-code (highest leverage); known brand with existing provenance; actionable diagnostic; not a near-duplicate
251,fixcode,fix:bosch:dishwasher:e17,error-code,/fixcode/bosch/dishwasher/e17-error,bosch e17 error,bosch dishwasher e17,bosch error code e17,100,68,100,SEO_CANDIDATE,already SEO_CANDIDATE after Truth Gate; FixCode error-code (highest leverage); known brand with existing provenance; actionable diagnostic; not a near-duplicate
251,fixcode,fix:bosch:dishwasher:e20,error-code,/fixcode/bosch/dishwasher/e20-error,bosch e20 error,bosch dishwasher e20,bosch error code e20,100,68,100,SEO_CANDIDATE,already SEO_CANDIDATE after Truth Gate; FixCode error-code (highest leverage); known brand with existing provenance; actionable diagnostic; not a near-duplicate
251,fixcode,fix:bosch:dishwasher:e21,error-code,/fixcode/bosch/dishwasher/e21-error,bosch e21 error,bosch dishwasher e21,bosch error code e21,100,68,100,SEO_CANDIDATE,already SEO_CANDIDATE after Truth Gate; FixCode error-code (highest leverage); known brand with existing provenance; actionable diagnostic; not a near-duplicate
251,fixcode,fix:bosch:dishwasher:e23,error-code,/fixcode/bosch/dishwasher/e23-error,bosch e23 error,bosch dishwasher e23,bosch error code e23,87,68,87,SEO_CANDIDATE,already SEO_CANDIDATE after Truth Gate; FixCode error-code (highest leverage); known brand with existing provenance; actionable diagnostic; not a near-duplicate
251,fixcode,fix:bosch:dishwasher:e26,error-code,/fixcode/bosch/dishwasher/e26-error,bosch e26 error,bosch dishwasher e26,bosch error code e26,100,68,100,SEO_CANDIDATE,already SEO_CANDIDATE after Truth Gate; FixCode error-code (highest leverage); known brand with existing provenance; actionable diagnostic; not a near-duplicate
251,fixcode,fix:bosch:dishwasher:e27,error-code,/fixcode/bosch/dishwasher/e27-error,bosch e27 error,bosch dishwasher e27,bosch error code e27,100,68,100,SEO_CANDIDATE,already SEO_CANDIDATE after Truth Gate; FixCode error-code (highest leverage); known brand with existing provenance; actionable diagnostic; not a near-duplicate
251,fixcode,fix:bosch:washer:f17,error-code,/fixcode/bosch/washer/f17-error,bosch f17 error,bosch washer f17,bosch error code f17,100,68,100,SEO_CANDIDATE,already SEO_CANDIDATE after Truth Gate; FixCode error-code (highest leverage); known brand with existing provenance; actionable diagnostic; not a near-duplicate
251,fixcode,fix:bosch:washer:f18,error-code,/fixcode/bosch/washer/f18-error,bosch f18 error,bosch washer f18,bosch error code f18,100,68,100,SEO_CANDIDATE,already SEO_CANDIDATE after Truth Gate; FixCode error-code (highest leverage); known brand with existing provenance; actionable diagnostic; not a near-duplicate
251,fixcode,fix:bosch:washer:f19,error-code,/fixcode/bosch/washer/f19-error,bosch f19 error,bosch washer f19,bosch error code f19,100,68,100,SEO_CANDIDATE,already SEO_CANDIDATE after Truth Gate; FixCode error-code (highest leverage); known brand with existing provenance; actionable diagnostic; not a near-duplicate
251,fixcode,fix:bosch:washer:f21,error-code,/fixcode/bosch/washer/f21-error,bosch f21 error,bosch washer f21,bosch error code f21,100,68,100,SEO_CANDIDATE,already SEO_CANDIDATE after Truth Gate; FixCode error-code (highest leverage); known brand with existing provenance; actionable diagnostic; not a near-duplicate
251,fixcode,fix:bosch:washer:f23,error-code,/fixcode/bosch/washer/f23-error,bosch f23 error,bosch washer f23,bosch error code f23,100,68,100,SEO_CANDIDATE,already SEO_CANDIDATE after Truth Gate; FixCode error-code (highest leverage); known brand with existing provenance; actionable diagnostic; not a near-duplicate
251,fixcode,fix:bosch:washer:f43,error-code,/fixcode/bosch/washer/f43-error,bosch f43 error,bosch washer f43,bosch error code f43,100,68,100,SEO_CANDIDATE,already SEO_CANDIDATE after Truth Gate; FixCode error-code (highest leverage); known brand with existing provenance; actionable diagnostic; not a near-duplicate
251,fixcode,fix:bosch:washer:f44,error-code,/fixcode/bosch/washer/f44-error,bosch f44 error,bosch washer f44,bosch error code f44,87,68,87,SEO_CANDIDATE,already SEO_CANDIDATE after Truth Gate; FixCode error-code (highest leverage); known brand with existing provenance; actionable diagnostic; not a near-duplicate
251,fixcode,fix:bosch:washer:e02,error-code,/fixcode/bosch/washer/e02-error,bosch e02 error,bosch washer e02,bosch error code e02,100,68,100,SEO_CANDIDATE,already SEO_CANDIDATE after Truth Gate; FixCode error-code (highest leverage); known brand with existing provenance; actionable diagnostic; not a near-duplicate
251,fixcode,fix:bosch:dryer:e01,error-code,/fixcode/bosch/dryer/e01-error,bosch e01 error,bosch dryer e01,bosch error code e01,100,68,100,SEO_CANDIDATE,already SEO_CANDIDATE after Truth Gate; FixCode error-code (highest leverage); known brand with existing provenance; actionable diagnostic; not a near-duplicate
251,fixcode,fix:bosch:dryer:e02,error-code,/fixcode/bosch/dryer/e02-error,bosch e02 error,bosch dryer e02,bosch error code e02,100,68,100,SEO_CANDIDATE,already SEO_CANDIDATE after Truth Gate; FixCode error-code (highest leverage); known brand with existing provenance; actionable diagnostic; not a near-duplicate
251,fixcode,fix:bosch:dryer:e03,error-code,/fixcode/bosch/dryer/e03-error,bosch e03 error,bosch dryer e03,bosch error code e03,100,68,100,SEO_CANDIDATE,already SEO_CANDIDATE after Truth Gate; FixCode error-code (highest leverage); known brand with existing provenance; actionable diagnostic; not a near-duplicate
251,fixcode,fix:bosch:oven:e005,error-code,/fixcode/bosch/oven/e005-error,bosch e005 error,bosch oven e005,bosch error code e005,100,68,100,SEO_CANDIDATE,already SEO_CANDIDATE after Truth Gate; FixCode error-code (highest leverage); known brand with existing provenance; actionable diagnostic; not a near-duplicate
251,fixcode,fix:bosch:oven:e305,error-code,/fixcode/bosch/oven/e305-error,bosch e305 error,bosch oven e305,bosch error code e305,87,68,87,SEO_CANDIDATE,already SEO_CANDIDATE after Truth Gate; FixCode error-code (highest leverage); known brand with existing provenance; actionable diagnostic; not a near-duplicate
251,fixcode,fix:miele:washer:f10,error-code,/fixcode/miele/washer/f10-error,miele f10 error,miele washer f10,miele error code f10,100,68,100,SEO_CANDIDATE,already SEO_CANDIDATE after Truth Gate; FixCode error-code (highest leverage); known brand with existing provenance; actionable diagnostic; not a near-duplicate
251,fixcode,fix:miele:washer:f11,error-code,/fixcode/miele/washer/f11-error,miele f11 error,miele washer f11,miele error code f11,100,68,100,SEO_CANDIDATE,already SEO_CANDIDATE after Truth Gate; FixCode error-code (highest leverage); known brand with existing provenance; actionable diagnostic; not a near-duplicate
251,fixcode,fix:miele:washer:f13,error-code,/fixcode/miele/washer/f13-error,miele f13 error,miele washer f13,miele error code f13,100,68,100,SEO_CANDIDATE,already SEO_CANDIDATE after Truth Gate; FixCode error-code (highest leverage); known brand with existing provenance; actionable diagnostic; not a near-duplicate
251,fixcode,fix:miele:washer:f20,error-code,/fixcode/miele/washer/f20-error,miele f20 error,miele washer f20,miele error code f20,100,68,100,SEO_CANDIDATE,already SEO_CANDIDATE after Truth Gate; FixCode error-code (highest leverage); known brand with existing provenance; actionable diagnostic; not a near-duplicate
251,fixcode,fix:miele:dishwasher:f11,error-code,/fixcode/miele/dishwasher/f11-error,miele f11 error,miele dishwasher f11,miele error code f11,100,68,100,SEO_CANDIDATE,already SEO_CANDIDATE after Truth Gate; FixCode error-code (highest leverage); known brand with existing provenance; actionable diagnostic; not a near-duplicate
251,fixcode,fix:miele:dishwasher:f12,error-code,/fixcode/miele/dishwasher/f12-error,miele f12 error,miele dishwasher f12,miele error code f12,100,68,100,SEO_CANDIDATE,already SEO_CANDIDATE after Truth Gate; FixCode error-code (highest leverage); known brand with existing provenance; actionable diagnostic; not a near-duplicate
251,fixcode,fix:miele:dishwasher:f13,error-code,/fixcode/miele/dishwasher/f13-error,miele f13 error,miele dishwasher f13,miele error code f13,100,68,100,SEO_CANDIDATE,already SEO_CANDIDATE after Truth Gate; FixCode error-code (highest leverage); known brand with existing provenance; actionable diagnostic; not a near-duplicate
251,fixcode,fix:miele:dishwasher:f24,error-code,/fixcode/miele/dishwasher/f24-error,miele f24 error,miele dishwasher f24,miele error code f24,100,68,100,SEO_CANDIDATE,already SEO_CANDIDATE after Truth Gate; FixCode error-code (highest leverage); known brand with existing provenance; actionable diagnostic; not a near-duplicate
251,fixcode,fix:miele:dishwasher:f78,error-code,/fixcode/miele/dishwasher/f78-error,miele f78 error,miele dishwasher f78,miele error code f78,100,68,100,SEO_CANDIDATE,already SEO_CANDIDATE after Truth Gate; FixCode error-code (highest leverage); known brand with existing provenance; actionable diagnostic; not a near-duplicate
251,fixcode,fix:miele:dishwasher:f87,error-code,/fixcode/miele/dishwasher/f87-error,miele f87 error,miele dishwasher f87,miele error code f87,100,68,100,SEO_CANDIDATE,already SEO_CANDIDATE after Truth Gate; FixCode error-code (highest leverage); known brand with existing provenance; actionable diagnostic; not a near-duplicate
251,fixcode,fix:miele:dryer:f1,error-code,/fixcode/miele/dryer/f1-error,miele f1 error,miele dryer f1,miele error code f1,100,68,100,SEO_CANDIDATE,already SEO_CANDIDATE after Truth Gate; FixCode error-code (highest leverage); known brand with existing provenance; actionable diagnostic; not a near-duplicate
251,fixcode,fix:miele:dryer:f2,error-code,/fixcode/miele/dryer/f2-error,miele f2 error,miele dryer f2,miele error code f2,87,68,87,SEO_CANDIDATE,already SEO_CANDIDATE after Truth Gate; FixCode error-code (highest leverage); known brand with existing provenance; actionable diagnostic; not a near-duplicate
151,fixcode,fix:samsung:washer:4c,error-code,/fixcode/samsung/washer/4c-error,samsung 4c error,samsung washer 4c,samsung error code 4c,47,68,47,NOINDEX_PRODUCT,FixCode error-code (highest leverage); known brand with existing provenance; actionable diagnostic; not a near-duplicate
151,fixcode,fix:samsung:washer:4e,error-code,/fixcode/samsung/washer/4e-error,samsung 4e error,samsung washer 4e,samsung error code 4e,47,68,47,NOINDEX_PRODUCT,FixCode error-code (highest leverage); known brand with existing provenance; actionable diagnostic; not a near-duplicate
151,fixcode,fix:samsung:washer:5c,error-code,/fixcode/samsung/washer/5c-error,samsung 5c error,samsung washer 5c,samsung error code 5c,47,68,47,NOINDEX_PRODUCT,FixCode error-code (highest leverage); known brand with existing provenance; actionable diagnostic; not a near-duplicate
151,fixcode,fix:samsung:washer:5e,error-code,/fixcode/samsung/washer/5e-error,samsung 5e error,samsung washer 5e,samsung error code 5e,47,68,47,NOINDEX_PRODUCT,FixCode error-code (highest leverage); known brand with existing provenance; actionable diagnostic; not a near-duplicate
151,fixcode,fix:samsung:washer:ue,error-code,/fixcode/samsung/washer/ue-error,samsung ue error,samsung washer ue,samsung error code ue,47,68,47,NOINDEX_PRODUCT,FixCode error-code (highest leverage); known brand with existing provenance; actionable diagnostic; not a near-duplicate
151,fixcode,fix:samsung:washer:dc,error-code,/fixcode/samsung/washer/dc-error,samsung dc error,samsung washer dc,samsung error code dc,47,68,47,NOINDEX_PRODUCT,FixCode error-code (highest leverage); known brand with existing provenance; actionable diagnostic; not a near-duplicate
151,fixcode,fix:samsung:washer:oe,error-code,/fixcode/samsung/washer/oe-error,samsung oe error,samsung washer oe,samsung error code oe,47,68,47,NOINDEX_PRODUCT,FixCode error-code (highest leverage); known brand with existing provenance; actionable diagnostic; not a near-duplicate
151,fixcode,fix:samsung:washer:le,error-code,/fixcode/samsung/washer/le-error,samsung le error,samsung washer le,samsung error code le,47,68,47,NOINDEX_PRODUCT,FixCode error-code (highest leverage); known brand with existing provenance; actionable diagnostic; not a near-duplicate
151,fixcode,fix:samsung:washer:te,error-code,/fixcode/samsung/washer/te-error,samsung te error,samsung washer te,samsung error code te,47,68,47,NOINDEX_PRODUCT,FixCode error-code (highest leverage); known brand with existing provenance; actionable diagnostic; not a near-duplicate
151,fixcode,fix:samsung:washer:3c,error-code,/fixcode/samsung/washer/3c-error,samsung 3c error,samsung washer 3c,samsung error code 3c,47,68,47,NOINDEX_PRODUCT,FixCode error-code (highest leverage); known brand with existing provenance; actionable diagnostic; not a near-duplicate
151,fixcode,fix:lg:washer:ie,error-code,/fixcode/lg/washer/ie-error,lg ie error,lg washer ie,lg error code ie,47,68,47,NOINDEX_PRODUCT,FixCode error-code (highest leverage); known brand with existing provenance; actionable diagnostic; not a near-duplicate
151,fixcode,fix:lg:washer:oe,error-code,/fixcode/lg/washer/oe-error,lg oe error,lg washer oe,lg error code oe,47,68,47,NOINDEX_PRODUCT,FixCode error-code (highest leverage); known brand with existing provenance; actionable diagnostic; not a near-duplicate
151,fixcode,fix:lg:washer:ue,error-code,/fixcode/lg/washer/ue-error,lg ue error,lg washer ue,lg error code ue,47,68,47,NOINDEX_PRODUCT,FixCode error-code (highest leverage); known brand with existing provenance; actionable diagnostic; not a near-duplicate
151,fixcode,fix:lg:washer:de,error-code,/fixcode/lg/washer/de-error,lg de error,lg washer de,lg error code de,47,68,47,NOINDEX_PRODUCT,FixCode error-code (highest leverage); known brand with existing provenance; actionable diagnostic; not a near-duplicate
151,fixcode,fix:samsung:fridge:5e,error-code,/fixcode/samsung/fridge/5e-error,samsung 5e error,samsung fridge 5e,samsung error code 5e,47,68,47,NOINDEX_PRODUCT,FixCode error-code (highest leverage); known brand with existing provenance; actionable diagnostic; not a near-duplicate
151,fixcode,fix:lg:dryer:d80,error-code,/fixcode/lg/dryer/d80-error,lg d80 error,lg dryer d80,lg error code d80,47,68,47,NOINDEX_PRODUCT,FixCode error-code (highest leverage); known brand with existing provenance; actionable diagnostic; not a near-duplicate
151,fixcode,fix:samsung:washer:1c,error-code,/fixcode/samsung/washer/1c-error,samsung 1c error,samsung washer 1c,samsung error code 1c,47,68,47,NOINDEX_PRODUCT,FixCode error-code (highest leverage); known brand with existing provenance; actionable diagnostic; not a near-duplicate
151,fixcode,fix:samsung:washer:1e,error-code,/fixcode/samsung/washer/1e-error,samsung 1e error,samsung washer 1e,samsung error code 1e,47,68,47,NOINDEX_PRODUCT,FixCode error-code (highest leverage); known brand with existing provenance; actionable diagnostic; not a near-duplicate
151,fixcode,fix:samsung:washer:3e,error-code,/fixcode/samsung/washer/3e-error,samsung 3e error,samsung washer 3e,samsung error code 3e,47,68,47,NOINDEX_PRODUCT,FixCode error-code (highest leverage); known brand with existing provenance; actionable diagnostic; not a near-duplicate
151,fixcode,fix:samsung:washer:3c1,error-code,/fixcode/samsung/washer/3c1-error,samsung 3c1 error,samsung washer 3c1,samsung error code 3c1,47,68,47,NOINDEX_PRODUCT,FixCode error-code (highest leverage); known brand with existing provenance; actionable diagnostic; not a near-duplicate
151,fixcode,fix:samsung:washer:3c3,error-code,/fixcode/samsung/washer/3c3-error,samsung 3c3 error,samsung washer 3c3,samsung error code 3c3,47,68,47,NOINDEX_PRODUCT,FixCode error-code (highest leverage); known brand with existing provenance; actionable diagnostic; not a near-duplicate
151,fixcode,fix:samsung:washer:9c,error-code,/fixcode/samsung/washer/9c-error,samsung 9c error,samsung washer 9c,samsung error code 9c,47,68,47,NOINDEX_PRODUCT,FixCode error-code (highest leverage); known brand with existing provenance; actionable diagnostic; not a near-duplicate
151,fixcode,fix:samsung:washer:11e,error-code,/fixcode/samsung/washer/11e-error,samsung 11e error,samsung washer 11e,samsung error code 11e,47,68,47,NOINDEX_PRODUCT,FixCode error-code (highest leverage); known brand with existing provenance; actionable diagnostic; not a near-duplicate
151,fixcode,fix:samsung:washer:ub,error-code,/fixcode/samsung/washer/ub-error,samsung ub error,samsung washer ub,samsung error code ub,47,68,47,NOINDEX_PRODUCT,FixCode error-code (highest leverage); known brand with existing provenance; actionable diagnostic; not a near-duplicate
151,fixcode,fix:samsung:washer:uc,error-code,/fixcode/samsung/washer/uc-error,samsung uc error,samsung washer uc,samsung error code uc,47,68,47,NOINDEX_PRODUCT,FixCode error-code (highest leverage); known brand with existing provenance; actionable diagnostic; not a near-duplicate
151,fixcode,fix:samsung:washer:dc1,error-code,/fixcode/samsung/washer/dc1-error,samsung dc1 error,samsung washer dc1,samsung error code dc1,47,68,47,NOINDEX_PRODUCT,FixCode error-code (highest leverage); known brand with existing provenance; actionable diagnostic; not a near-duplicate
151,fixcode,fix:samsung:washer:lc,error-code,/fixcode/samsung/washer/lc-error,samsung lc error,samsung washer lc,samsung error code lc,47,68,47,NOINDEX_PRODUCT,FixCode error-code (highest leverage); known brand with existing provenance; actionable diagnostic; not a near-duplicate
151,fixcode,fix:samsung:washer:he,error-code,/fixcode/samsung/washer/he-error,samsung he error,samsung washer he,samsung error code he,47,68,47,NOINDEX_PRODUCT,FixCode error-code (highest leverage); known brand with existing provenance; actionable diagnostic; not a near-duplicate
151,fixcode,fix:samsung:washer:hc,error-code,/fixcode/samsung/washer/hc-error,samsung hc error,samsung washer hc,samsung error code hc,47,68,47,NOINDEX_PRODUCT,FixCode error-code (highest leverage); known brand with existing provenance; actionable diagnostic; not a near-duplicate
151,fixcode,fix:samsung:washer:sud,error-code,/fixcode/samsung/washer/sud-error,samsung sud error,samsung washer sud,samsung error code sud,47,68,47,NOINDEX_PRODUCT,FixCode error-code (highest leverage); known brand with existing provenance; actionable diagnostic; not a near-duplicate
151,fixcode,fix:samsung:washer:pf,error-code,/fixcode/samsung/washer/pf-error,samsung pf error,samsung washer pf,samsung error code pf,47,68,47,NOINDEX_PRODUCT,FixCode error-code (highest leverage); known brand with existing provenance; actionable diagnostic; not a near-duplicate
151,fixcode,fix:samsung:washer:4c2,error-code,/fixcode/samsung/washer/4c2-error,samsung 4c2 error,samsung washer 4c2,samsung error code 4c2,47,68,47,NOINDEX_PRODUCT,FixCode error-code (highest leverage); known brand with existing provenance; actionable diagnostic; not a near-duplicate
151,fixcode,fix:samsung:dishwasher:4e,error-code,/fixcode/samsung/dishwasher/4e-error,samsung 4e error,samsung dishwasher 4e,samsung error code 4e,47,68,47,NOINDEX_PRODUCT,FixCode error-code (highest leverage); known brand with existing provenance; actionable diagnostic; not a near-duplicate
151,fixcode,fix:samsung:dishwasher:4c,error-code,/fixcode/samsung/dishwasher/4c-error,samsung 4c error,samsung dishwasher 4c,samsung error code 4c,47,68,47,NOINDEX_PRODUCT,FixCode error-code (highest leverage); known brand with existing provenance; actionable diagnostic; not a near-duplicate
151,fixcode,fix:samsung:dishwasher:5e,error-code,/fixcode/samsung/dishwasher/5e-error,samsung 5e error,samsung dishwasher 5e,samsung error code 5e,47,68,47,NOINDEX_PRODUCT,FixCode error-code (highest leverage); known brand with existing provenance; actionable diagnostic; not a near-duplicate
151,fixcode,fix:samsung:dishwasher:oe,error-code,/fixcode/samsung/dishwasher/oe-error,samsung oe error,samsung dishwasher oe,samsung error code oe,47,68,47,NOINDEX_PRODUCT,FixCode error-code (highest leverage); known brand with existing provenance; actionable diagnostic; not a near-duplicate
151,fixcode,fix:samsung:dishwasher:le,error-code,/fixcode/samsung/dishwasher/le-error,samsung le error,samsung dishwasher le,samsung error code le,47,68,47,NOINDEX_PRODUCT,FixCode error-code (highest leverage); known brand with existing provenance; actionable diagnostic; not a near-duplicate
151,fixcode,fix:samsung:dishwasher:he,error-code,/fixcode/samsung/dishwasher/he-error,samsung he error,samsung dishwasher he,samsung error code he,47,68,47,NOINDEX_PRODUCT,FixCode error-code (highest leverage); known brand with existing provenance; actionable diagnostic; not a near-duplicate
151,fixcode,fix:samsung:dishwasher:te,error-code,/fixcode/samsung/dishwasher/te-error,samsung te error,samsung dishwasher te,samsung error code te,47,68,47,NOINDEX_PRODUCT,FixCode error-code (highest leverage); known brand with existing provenance; actionable diagnostic; not a near-duplicate
151,fixcode,fix:samsung:dishwasher:3e,error-code,/fixcode/samsung/dishwasher/3e-error,samsung 3e error,samsung dishwasher 3e,samsung error code 3e,47,68,47,NOINDEX_PRODUCT,FixCode error-code (highest leverage); known brand with existing provenance; actionable diagnostic; not a near-duplicate
151,fixcode,fix:samsung:dryer:te,error-code,/fixcode/samsung/dryer/te-error,samsung te error,samsung dryer te,samsung error code te,47,68,47,NOINDEX_PRODUCT,FixCode error-code (highest leverage); known brand with existing provenance; actionable diagnostic; not a near-duplicate
151,fixcode,fix:samsung:dryer:he,error-code,/fixcode/samsung/dryer/he-error,samsung he error,samsung dryer he,samsung error code he,47,68,47,NOINDEX_PRODUCT,FixCode error-code (highest leverage); known brand with existing provenance; actionable diagnostic; not a near-duplicate
151,fixcode,fix:samsung:dryer:de,error-code,/fixcode/samsung/dryer/de-error,samsung de error,samsung dryer de,samsung error code de,47,68,47,NOINDEX_PRODUCT,FixCode error-code (highest leverage); known brand with existing provenance; actionable diagnostic; not a near-duplicate
151,fixcode,fix:samsung:dryer:dc,error-code,/fixcode/samsung/dryer/dc-error,samsung dc error,samsung dryer dc,samsung error code dc,47,68,47,NOINDEX_PRODUCT,FixCode error-code (highest leverage); known brand with existing provenance; actionable diagnostic; not a near-duplicate
151,fixcode,fix:samsung:dryer:3c,error-code,/fixcode/samsung/dryer/3c-error,samsung 3c error,samsung dryer 3c,samsung error code 3c,47,68,47,NOINDEX_PRODUCT,FixCode error-code (highest leverage); known brand with existing provenance; actionable diagnostic; not a near-duplicate
151,fixcode,fix:samsung:fridge:22e,error-code,/fixcode/samsung/fridge/22e-error,samsung 22e error,samsung fridge 22e,samsung error code 22e,47,68,47,NOINDEX_PRODUCT,FixCode error-code (highest leverage); known brand with existing provenance; actionable diagnostic; not a near-duplicate
151,fixcode,fix:samsung:fridge:88,error-code,/fixcode/samsung/fridge/88-error,samsung 88 error,samsung fridge 88,samsung error code 88,47,68,47,NOINDEX_PRODUCT,FixCode error-code (highest leverage); known brand with existing provenance; actionable diagnostic; not a near-duplicate
151,fixcode,fix:samsung:oven:te,error-code,/fixcode/samsung/oven/te-error,samsung te error,samsung oven te,samsung error code te,47,68,47,NOINDEX_PRODUCT,FixCode error-code (highest leverage); known brand with existing provenance; actionable diagnostic; not a near-duplicate
151,fixcode,fix:samsung:oven:dc,error-code,/fixcode/samsung/oven/dc-error,samsung dc error,samsung oven dc,samsung error code dc,47,68,47,NOINDEX_PRODUCT,FixCode error-code (highest leverage); known brand with existing provenance; actionable diagnostic; not a near-duplicate
151,fixcode,fix:lg:washer:fe,error-code,/fixcode/lg/washer/fe-error,lg fe error,lg washer fe,lg error code fe,47,68,47,NOINDEX_PRODUCT,FixCode error-code (highest leverage); known brand with existing provenance; actionable diagnostic; not a near-duplicate
151,fixcode,fix:lg:washer:te,error-code,/fixcode/lg/washer/te-error,lg te error,lg washer te,lg error code te,47,68,47,NOINDEX_PRODUCT,FixCode error-code (highest leverage); known brand with existing provenance; actionable diagnostic; not a near-duplicate
151,fixcode,fix:lg:washer:pe,error-code,/fixcode/lg/washer/pe-error,lg pe error,lg washer pe,lg error code pe,47,68,47,NOINDEX_PRODUCT,FixCode error-code (highest leverage); known brand with existing provenance; actionable diagnostic; not a near-duplicate
151,fixcode,fix:lg:washer:le,error-code,/fixcode/lg/washer/le-error,lg le error,lg washer le,lg error code le,47,68,47,NOINDEX_PRODUCT,FixCode error-code (highest leverage); known brand with existing provenance; actionable diagnostic; not a near-duplicate
151,fixcode,fix:lg:washer:ce,error-code,/fixcode/lg/washer/ce-error,lg ce error,lg washer ce,lg error code ce,47,68,47,NOINDEX_PRODUCT,FixCode error-code (highest leverage); known brand with existing provenance; actionable diagnostic; not a near-duplicate
151,fixcode,fix:lg:washer:pf,error-code,/fixcode/lg/washer/pf-error,lg pf error,lg washer pf,lg error code pf,47,68,47,NOINDEX_PRODUCT,FixCode error-code (highest leverage); known brand with existing provenance; actionable diagnostic; not a near-duplicate
151,fixcode,fix:lg:washer:ae,error-code,/fixcode/lg/washer/ae-error,lg ae error,lg washer ae,lg error code ae,47,68,47,NOINDEX_PRODUCT,FixCode error-code (highest leverage); known brand with existing provenance; actionable diagnostic; not a near-duplicate
151,fixcode,fix:lg:washer:oe1,error-code,/fixcode/lg/washer/oe1-error,lg oe1 error,lg washer oe1,lg error code oe1,47,68,47,NOINDEX_PRODUCT,FixCode error-code (highest leverage); known brand with existing provenance; actionable diagnostic; not a near-duplicate
151,fixcode,fix:lg:dishwasher:oe,error-code,/fixcode/lg/dishwasher/oe-error,lg oe error,lg dishwasher oe,lg error code oe,47,68,47,NOINDEX_PRODUCT,FixCode error-code (highest leverage); known brand with existing provenance; actionable diagnostic; not a near-duplicate
151,fixcode,fix:lg:dishwasher:ie,error-code,/fixcode/lg/dishwasher/ie-error,lg ie error,lg dishwasher ie,lg error code ie,47,68,47,NOINDEX_PRODUCT,FixCode error-code (highest leverage); known brand with existing provenance; actionable diagnostic; not a near-duplicate
151,fixcode,fix:lg:dishwasher:ae,error-code,/fixcode/lg/dishwasher/ae-error,lg ae error,lg dishwasher ae,lg error code ae,47,68,47,NOINDEX_PRODUCT,FixCode error-code (highest leverage); known brand with existing provenance; actionable diagnostic; not a near-duplicate
151,fixcode,fix:lg:dishwasher:he,error-code,/fixcode/lg/dishwasher/he-error,lg he error,lg dishwasher he,lg error code he,47,68,47,NOINDEX_PRODUCT,FixCode error-code (highest leverage); known brand with existing provenance; actionable diagnostic; not a near-duplicate
151,fixcode,fix:lg:dishwasher:te,error-code,/fixcode/lg/dishwasher/te-error,lg te error,lg dishwasher te,lg error code te,47,68,47,NOINDEX_PRODUCT,FixCode error-code (highest leverage); known brand with existing provenance; actionable diagnostic; not a near-duplicate
151,fixcode,fix:lg:dishwasher:fe,error-code,/fixcode/lg/dishwasher/fe-error,lg fe error,lg dishwasher fe,lg error code fe,47,68,47,NOINDEX_PRODUCT,FixCode error-code (highest leverage); known brand with existing provenance; actionable diagnostic; not a near-duplicate
151,fixcode,fix:lg:dishwasher:le,error-code,/fixcode/lg/dishwasher/le-error,lg le error,lg dishwasher le,lg error code le,47,68,47,NOINDEX_PRODUCT,FixCode error-code (highest leverage); known brand with existing provenance; actionable diagnostic; not a near-duplicate
151,fixcode,fix:lg:dryer:d90,error-code,/fixcode/lg/dryer/d90-error,lg d90 error,lg dryer d90,lg error code d90,47,68,47,NOINDEX_PRODUCT,FixCode error-code (highest leverage); known brand with existing provenance; actionable diagnostic; not a near-duplicate
151,fixcode,fix:lg:dryer:te,error-code,/fixcode/lg/dryer/te-error,lg te error,lg dryer te,lg error code te,47,68,47,NOINDEX_PRODUCT,FixCode error-code (highest leverage); known brand with existing provenance; actionable diagnostic; not a near-duplicate
151,fixcode,fix:lg:dryer:de,error-code,/fixcode/lg/dryer/de-error,lg de error,lg dryer de,lg error code de,47,68,47,NOINDEX_PRODUCT,FixCode error-code (highest leverage); known brand with existing provenance; actionable diagnostic; not a near-duplicate
151,fixcode,fix:lg:fridge:f,error-code,/fixcode/lg/fridge/f-error,lg f error,lg fridge f,lg error code f,47,68,47,NOINDEX_PRODUCT,FixCode error-code (highest leverage); known brand with existing provenance; actionable diagnostic; not a near-duplicate
151,fixcode,fix:bosch:oven:e011,error-code,/fixcode/bosch/oven/e011-error,bosch e011 error,bosch oven e011,bosch error code e011,87,68,87,NOINDEX_PRODUCT,FixCode error-code (highest leverage); known brand with existing provenance; actionable diagnostic; not a near-duplicate
151,fixcode,fix:miele:washer:f41,error-code,/fixcode/miele/washer/f41-error,miele f41 error,miele washer f41,miele error code f41,87,68,87,NOINDEX_PRODUCT,FixCode error-code (highest leverage); known brand with existing provenance; actionable diagnostic; not a near-duplicate
151,fixcode,fix:miele:washer:f47,error-code,/fixcode/miele/washer/f47-error,miele f47 error,miele washer f47,miele error code f47,87,68,87,NOINDEX_PRODUCT,FixCode error-code (highest leverage); known brand with existing provenance; actionable diagnostic; not a near-duplicate
150,fixcode,fix:samsung:washer:6c,error-code,/fixcode/samsung/washer/6c-error,samsung 6c error,samsung washer 6c,samsung error code 6c,33,67,33,NOINDEX_PRODUCT,FixCode error-code (highest leverage); known brand with existing provenance; actionable diagnostic; not a near-duplicate
150,fixcode,fix:samsung:washer:8c,error-code,/fixcode/samsung/washer/8c-error,samsung 8c error,samsung washer 8c,samsung error code 8c,33,67,33,NOINDEX_PRODUCT,FixCode error-code (highest leverage); known brand with existing provenance; actionable diagnostic; not a near-duplicate
150,fixcode,fix:samsung:washer:8e,error-code,/fixcode/samsung/washer/8e-error,samsung 8e error,samsung washer 8e,samsung error code 8e,33,67,33,NOINDEX_PRODUCT,FixCode error-code (highest leverage); known brand with existing provenance; actionable diagnostic; not a near-duplicate
150,fixcode,fix:samsung:washer:12e,error-code,/fixcode/samsung/washer/12e-error,samsung 12e error,samsung washer 12e,samsung error code 12e,33,67,33,NOINDEX_PRODUCT,FixCode error-code (highest leverage); known brand with existing provenance; actionable diagnostic; not a near-duplicate
150,fixcode,fix:samsung:washer:5c2,error-code,/fixcode/samsung/washer/5c2-error,samsung 5c2 error,samsung washer 5c2,samsung error code 5c2,33,67,33,NOINDEX_PRODUCT,FixCode error-code (highest leverage); known brand with existing provenance; actionable diagnostic; not a near-duplicate
150,fixcode,fix:samsung:washer:be,error-code,/fixcode/samsung/washer/be-error,samsung be error,samsung washer be,samsung error code be,33,67,33,NOINDEX_PRODUCT,FixCode error-code (highest leverage); known brand with existing provenance; actionable diagnostic; not a near-duplicate
150,fixcode,fix:samsung:washer:ae,error-code,/fixcode/samsung/washer/ae-error,samsung ae error,samsung washer ae,samsung error code ae,33,67,33,NOINDEX_PRODUCT,FixCode error-code (highest leverage); known brand with existing provenance; actionable diagnostic; not a near-duplicate
150,fixcode,fix:samsung:fridge:of,error-code,/fixcode/samsung/fridge/of-error,samsung of error,samsung fridge of,samsung error code of,33,67,33,NOINDEX_PRODUCT,FixCode error-code (highest leverage); known brand with existing provenance; actionable diagnostic; not a near-duplicate
150,fixcode,fix:samsung:oven:se,error-code,/fixcode/samsung/oven/se-error,samsung se error,samsung oven se,samsung error code se,33,67,33,NOINDEX_PRODUCT,FixCode error-code (highest leverage); known brand with existing provenance; actionable diagnostic; not a near-duplicate
150,fixcode,fix:lg:washer:ie1,error-code,/fixcode/lg/washer/ie1-error,lg ie1 error,lg washer ie1,lg error code ie1,33,67,33,NOINDEX_PRODUCT,FixCode error-code (highest leverage); known brand with existing provenance; actionable diagnostic; not a near-duplicate
76,wearthere,dest:paris:3,wear-month,/wearthere/paris/march/what-to-wear,what to wear in paris in march,paris march packing list,what clothes for paris march,47,68,47,NOINDEX_PRODUCT,not a near-duplicate
76,wearthere,dest:paris:4,wear-month,/wearthere/paris/april/what-to-wear,what to wear in paris in april,paris april packing list,what clothes for paris april,47,68,47,NOINDEX_PRODUCT,not a near-duplicate
76,wearthere,dest:paris:5,wear-month,/wearthere/paris/may/what-to-wear,what to wear in paris in may,paris may packing list,what clothes for paris may,47,68,47,NOINDEX_PRODUCT,not a near-duplicate
76,wearthere,dest:paris:9,wear-month,/wearthere/paris/september/what-to-wear,what to wear in paris in september,paris september packing list,what clothes for paris september,47,68,47,NOINDEX_PRODUCT,not a near-duplicate
76,wearthere,dest:paris:10,wear-month,/wearthere/paris/october/what-to-wear,what to wear in paris in october,paris october packing list,what clothes for paris october,47,68,47,NOINDEX_PRODUCT,not a near-duplicate
76,wearthere,dest:paris:11,wear-month,/wearthere/paris/november/what-to-wear,what to wear in paris in november,paris november packing list,what clothes for paris november,47,68,47,NOINDEX_PRODUCT,not a near-duplicate
76,wearthere,dest:paris:12,wear-month,/wearthere/paris/december/what-to-wear,what to wear in paris in december,paris december packing list,what clothes for paris december,47,68,47,NOINDEX_PRODUCT,not a near-duplicate
76,wearthere,dest:tokyo:3,wear-month,/wearthere/tokyo/march/what-to-wear,what to wear in tokyo in march,tokyo march packing list,what clothes for tokyo march,47,68,47,NOINDEX_PRODUCT,not a near-duplicate
76,wearthere,dest:tokyo:4,wear-month,/wearthere/tokyo/april/what-to-wear,what to wear in tokyo in april,tokyo april packing list,what clothes for tokyo april,47,68,47,NOINDEX_PRODUCT,not a near-duplicate
76,wearthere,dest:tokyo:5,wear-month,/wearthere/tokyo/may/what-to-wear,what to wear in tokyo in may,tokyo may packing list,what clothes for tokyo may,47,68,47,NOINDEX_PRODUCT,not a near-duplicate
76,wearthere,dest:tokyo:6,wear-month,/wearthere/tokyo/june/what-to-wear,what to wear in tokyo in june,tokyo june packing list,what clothes for tokyo june,47,68,47,NOINDEX_PRODUCT,not a near-duplicate
76,wearthere,dest:tokyo:9,wear-month,/wearthere/tokyo/september/what-to-wear,what to wear in tokyo in september,tokyo september packing list,what clothes for tokyo september,47,68,47,NOINDEX_PRODUCT,not a near-duplicate
76,wearthere,dest:tokyo:10,wear-month,/wearthere/tokyo/october/what-to-wear,what to wear in tokyo in october,tokyo october packing list,what clothes for tokyo october,47,68,47,NOINDEX_PRODUCT,not a near-duplicate
76,wearthere,dest:tokyo:11,wear-month,/wearthere/tokyo/november/what-to-wear,what to wear in tokyo in november,tokyo november packing list,what clothes for tokyo november,47,68,47,NOINDEX_PRODUCT,not a near-duplicate
76,wearthere,dest:tokyo:12,wear-month,/wearthere/tokyo/december/what-to-wear,what to wear in tokyo in december,tokyo december packing list,what clothes for tokyo december,47,68,47,NOINDEX_PRODUCT,not a near-duplicate
76,wearthere,dest:new-york:3,wear-month,/wearthere/new-york/march/what-to-wear,what to wear in new york in march,new york march packing list,what clothes for new york march,47,68,47,NOINDEX_PRODUCT,not a near-duplicate
76,wearthere,dest:new-york:4,wear-month,/wearthere/new-york/april/what-to-wear,what to wear in new york in april,new york april packing list,what clothes for new york april,47,68,47,NOINDEX_PRODUCT,not a near-duplicate
76,wearthere,dest:new-york:5,wear-month,/wearthere/new-york/may/what-to-wear,what to wear in new york in may,new york may packing list,what clothes for new york may,47,68,47,NOINDEX_PRODUCT,not a near-duplicate
76,wearthere,dest:new-york:6,wear-month,/wearthere/new-york/june/what-to-wear,what to wear in new york in june,new york june packing list,what clothes for new york june,47,68,47,NOINDEX_PRODUCT,not a near-duplicate
76,wearthere,dest:new-york:9,wear-month,/wearthere/new-york/september/what-to-wear,what to wear in new york in september,new york september packing list,what clothes for new york september,47,68,47,NOINDEX_PRODUCT,not a near-duplicate
76,wearthere,dest:new-york:10,wear-month,/wearthere/new-york/october/what-to-wear,what to wear in new york in october,new york october packing list,what clothes for new york october,47,68,47,NOINDEX_PRODUCT,not a near-duplicate
76,wearthere,dest:new-york:11,wear-month,/wearthere/new-york/november/what-to-wear,what to wear in new york in november,new york november packing list,what clothes for new york november,47,68,47,NOINDEX_PRODUCT,not a near-duplicate
76,wearthere,dest:new-york:12,wear-month,/wearthere/new-york/december/what-to-wear,what to wear in new york in december,new york december packing list,what clothes for new york december,47,68,47,NOINDEX_PRODUCT,not a near-duplicate
76,wearthere,dest:london:5,wear-month,/wearthere/london/may/what-to-wear,what to wear in london in may,london may packing list,what clothes for london may,47,68,47,NOINDEX_PRODUCT,not a near-duplicate
76,wearthere,dest:london:10,wear-month,/wearthere/london/october/what-to-wear,what to wear in london in october,london october packing list,what clothes for london october,47,68,47,NOINDEX_PRODUCT,not a near-duplicate
76,wearthere,dest:london:11,wear-month,/wearthere/london/november/what-to-wear,what to wear in london in november,london november packing list,what clothes for london november,47,68,47,NOINDEX_PRODUCT,not a near-duplicate
76,wearthere,dest:barcelona:5,wear-month,/wearthere/barcelona/may/what-to-wear,what to wear in barcelona in may,barcelona may packing list,what clothes for barcelona may,47,68,47,NOINDEX_PRODUCT,not a near-duplicate
76,wearthere,dest:barcelona:9,wear-month,/wearthere/barcelona/september/what-to-wear,what to wear in barcelona in september,barcelona september packing list,what clothes for barcelona september,47,68,47,NOINDEX_PRODUCT,not a near-duplicate
76,wearthere,dest:barcelona:10,wear-month,/wearthere/barcelona/october/what-to-wear,what to wear in barcelona in october,barcelona october packing list,what clothes for barcelona october,47,68,47,NOINDEX_PRODUCT,not a near-duplicate
76,wearthere,dest:barcelona:11,wear-month,/wearthere/barcelona/november/what-to-wear,what to wear in barcelona in november,barcelona november packing list,what clothes for barcelona november,47,68,47,NOINDEX_PRODUCT,not a near-duplicate
76,wearthere,dest:reykjavik:4,wear-month,/wearthere/reykjavik/april/what-to-wear,what to wear in reykjavik in april,reykjavik april packing list,what clothes for reykjavik april,47,68,47,NOINDEX_PRODUCT,not a near-duplicate
76,wearthere,dest:reykjavik:5,wear-month,/wearthere/reykjavik/may/what-to-wear,what to wear in reykjavik in may,reykjavik may packing list,what clothes for reykjavik may,47,68,47,NOINDEX_PRODUCT,not a near-duplicate
76,wearthere,dest:reykjavik:10,wear-month,/wearthere/reykjavik/october/what-to-wear,what to wear in reykjavik in october,reykjavik october packing list,what clothes for reykjavik october,47,68,47,NOINDEX_PRODUCT,not a near-duplicate
76,wearthere,dest:dubai:3,wear-month,/wearthere/dubai/march/what-to-wear,what to wear in dubai in march,dubai march packing list,what clothes for dubai march,47,68,47,NOINDEX_PRODUCT,not a near-duplicate
76,wearthere,dest:dubai:4,wear-month,/wearthere/dubai/april/what-to-wear,what to wear in dubai in april,dubai april packing list,what clothes for dubai april,47,68,47,NOINDEX_PRODUCT,not a near-duplicate
76,wearthere,dest:dubai:9,wear-month,/wearthere/dubai/september/what-to-wear,what to wear in dubai in september,dubai september packing list,what clothes for dubai september,47,68,47,NOINDEX_PRODUCT,not a near-duplicate
76,wearthere,dest:dubai:10,wear-month,/wearthere/dubai/october/what-to-wear,what to wear in dubai in october,dubai october packing list,what clothes for dubai october,47,68,47,NOINDEX_PRODUCT,not a near-duplicate
76,wearthere,dest:dubai:11,wear-month,/wearthere/dubai/november/what-to-wear,what to wear in dubai in november,dubai november packing list,what clothes for dubai november,47,68,47,NOINDEX_PRODUCT,not a near-duplicate
76,wearthere,dest:dubai:12,wear-month,/wearthere/dubai/december/what-to-wear,what to wear in dubai in december,dubai december packing list,what clothes for dubai december,47,68,47,NOINDEX_PRODUCT,not a near-duplicate
76,wearthere,dest:lisbon:9,wear-month,/wearthere/lisbon/september/what-to-wear,what to wear in lisbon in september,lisbon september packing list,what clothes for lisbon september,47,68,47,NOINDEX_PRODUCT,not a near-duplicate
76,wearthere,dest:lisbon:10,wear-month,/wearthere/lisbon/october/what-to-wear,what to wear in lisbon in october,lisbon october packing list,what clothes for lisbon october,47,68,47,NOINDEX_PRODUCT,not a near-duplicate
76,wearthere,dest:rome:4,wear-month,/wearthere/rome/april/what-to-wear,what to wear in rome in april,rome april packing list,what clothes for rome april,47,68,47,NOINDEX_PRODUCT,not a near-duplicate
76,wearthere,dest:rome:5,wear-month,/wearthere/rome/may/what-to-wear,what to wear in rome in may,rome may packing list,what clothes for rome may,47,68,47,NOINDEX_PRODUCT,not a near-duplicate
76,wearthere,dest:rome:6,wear-month,/wearthere/rome/june/what-to-wear,what to wear in rome in june,rome june packing list,what clothes for rome june,47,68,47,NOINDEX_PRODUCT,not a near-duplicate
76,wearthere,dest:rome:9,wear-month,/wearthere/rome/september/what-to-wear,what to wear in rome in september,rome september packing list,what clothes for rome september,47,68,47,NOINDEX_PRODUCT,not a near-duplicate
76,wearthere,dest:rome:10,wear-month,/wearthere/rome/october/what-to-wear,what to wear in rome in october,rome october packing list,what clothes for rome october,47,68,47,NOINDEX_PRODUCT,not a near-duplicate
76,wearthere,dest:rome:11,wear-month,/wearthere/rome/november/what-to-wear,what to wear in rome in november,rome november packing list,what clothes for rome november,47,68,47,NOINDEX_PRODUCT,not a near-duplicate
76,wearthere,dest:rome:12,wear-month,/wearthere/rome/december/what-to-wear,what to wear in rome in december,rome december packing list,what clothes for rome december,47,68,47,NOINDEX_PRODUCT,not a near-duplicate
76,wearthere,dest:amsterdam:4,wear-month,/wearthere/amsterdam/april/what-to-wear,what to wear in amsterdam in april,amsterdam april packing list,what clothes for amsterdam april,47,68,47,NOINDEX_PRODUCT,not a near-duplicate
76,wearthere,dest:amsterdam:10,wear-month,/wearthere/amsterdam/october/what-to-wear,what to wear in amsterdam in october,amsterdam october packing list,what clothes for amsterdam october,47,68,47,NOINDEX_PRODUCT,not a near-duplicate
76,wearthere,dest:amsterdam:11,wear-month,/wearthere/amsterdam/november/what-to-wear,what to wear in amsterdam in november,amsterdam november packing list,what clothes for amsterdam november,47,68,47,NOINDEX_PRODUCT,not a near-duplicate
76,wearthere,dest:amsterdam:12,wear-month,/wearthere/amsterdam/december/what-to-wear,what to wear in amsterdam in december,amsterdam december packing list,what clothes for amsterdam december,47,68,47,NOINDEX_PRODUCT,not a near-duplicate
76,wearthere,dest:berlin:3,wear-month,/wearthere/berlin/march/what-to-wear,what to wear in berlin in march,berlin march packing list,what clothes for berlin march,47,68,47,NOINDEX_PRODUCT,not a near-duplicate
76,wearthere,dest:berlin:4,wear-month,/wearthere/berlin/april/what-to-wear,what to wear in berlin in april,berlin april packing list,what clothes for berlin april,47,68,47,NOINDEX_PRODUCT,not a near-duplicate
76,wearthere,dest:berlin:5,wear-month,/wearthere/berlin/may/what-to-wear,what to wear in berlin in may,berlin may packing list,what clothes for berlin may,47,68,47,NOINDEX_PRODUCT,not a near-duplicate
76,wearthere,dest:berlin:9,wear-month,/wearthere/berlin/september/what-to-wear,what to wear in berlin in september,berlin september packing list,what clothes for berlin september,47,68,47,NOINDEX_PRODUCT,not a near-duplicate
76,wearthere,dest:berlin:10,wear-month,/wearthere/berlin/october/what-to-wear,what to wear in berlin in october,berlin october packing list,what clothes for berlin october,47,68,47,NOINDEX_PRODUCT,not a near-duplicate
76,wearthere,dest:berlin:11,wear-month,/wearthere/berlin/november/what-to-wear,what to wear in berlin in november,berlin november packing list,what clothes for berlin november,47,68,47,NOINDEX_PRODUCT,not a near-duplicate
76,wearthere,dest:berlin:12,wear-month,/wearthere/berlin/december/what-to-wear,what to wear in berlin in december,berlin december packing list,what clothes for berlin december,47,68,47,NOINDEX_PRODUCT,not a near-duplicate
76,wearthere,dest:madrid:5,wear-month,/wearthere/madrid/may/what-to-wear,what to wear in madrid in may,madrid may packing list,what clothes for madrid may,47,68,47,NOINDEX_PRODUCT,not a near-duplicate
76,wearthere,dest:madrid:6,wear-month,/wearthere/madrid/june/what-to-wear,what to wear in madrid in june,madrid june packing list,what clothes for madrid june,47,68,47,NOINDEX_PRODUCT,not a near-duplicate
76,wearthere,dest:madrid:9,wear-month,/wearthere/madrid/september/what-to-wear,what to wear in madrid in september,madrid september packing list,what clothes for madrid september,47,68,47,NOINDEX_PRODUCT,not a near-duplicate
76,wearthere,dest:madrid:10,wear-month,/wearthere/madrid/october/what-to-wear,what to wear in madrid in october,madrid october packing list,what clothes for madrid october,47,68,47,NOINDEX_PRODUCT,not a near-duplicate
76,wearthere,dest:seoul:1,wear-month,/wearthere/seoul/january/what-to-wear,what to wear in seoul in january,seoul january packing list,what clothes for seoul january,47,68,47,NOINDEX_PRODUCT,not a near-duplicate
76,wearthere,dest:seoul:2,wear-month,/wearthere/seoul/february/what-to-wear,what to wear in seoul in february,seoul february packing list,what clothes for seoul february,47,68,47,NOINDEX_PRODUCT,not a near-duplicate
76,wearthere,dest:seoul:3,wear-month,/wearthere/seoul/march/what-to-wear,what to wear in seoul in march,seoul march packing list,what clothes for seoul march,47,68,47,NOINDEX_PRODUCT,not a near-duplicate
76,wearthere,dest:seoul:4,wear-month,/wearthere/seoul/april/what-to-wear,what to wear in seoul in april,seoul april packing list,what clothes for seoul april,47,68,47,NOINDEX_PRODUCT,not a near-duplicate
76,wearthere,dest:seoul:5,wear-month,/wearthere/seoul/may/what-to-wear,what to wear in seoul in may,seoul may packing list,what clothes for seoul may,47,68,47,NOINDEX_PRODUCT,not a near-duplicate
76,wearthere,dest:seoul:6,wear-month,/wearthere/seoul/june/what-to-wear,what to wear in seoul in june,seoul june packing list,what clothes for seoul june,47,68,47,NOINDEX_PRODUCT,not a near-duplicate
76,wearthere,dest:seoul:9,wear-month,/wearthere/seoul/september/what-to-wear,what to wear in seoul in september,seoul september packing list,what clothes for seoul september,47,68,47,NOINDEX_PRODUCT,not a near-duplicate
76,wearthere,dest:seoul:10,wear-month,/wearthere/seoul/october/what-to-wear,what to wear in seoul in october,seoul october packing list,what clothes for seoul october,47,68,47,NOINDEX_PRODUCT,not a near-duplicate
76,wearthere,dest:seoul:11,wear-month,/wearthere/seoul/november/what-to-wear,what to wear in seoul in november,seoul november packing list,what clothes for seoul november,47,68,47,NOINDEX_PRODUCT,not a near-duplicate
76,wearthere,dest:seoul:12,wear-month,/wearthere/seoul/december/what-to-wear,what to wear in seoul in december,seoul december packing list,what clothes for seoul december,47,68,47,NOINDEX_PRODUCT,not a near-duplicate
76,wearthere,dest:singapore:1,wear-month,/wearthere/singapore/january/what-to-wear,what to wear in singapore in january,singapore january packing list,what clothes for singapore january,47,68,47,NOINDEX_PRODUCT,not a near-duplicate
76,wearthere,dest:singapore:2,wear-month,/wearthere/singapore/february/what-to-wear,what to wear in singapore in february,singapore february packing list,what clothes for singapore february,47,68,47,NOINDEX_PRODUCT,not a near-duplicate
76,wearthere,dest:sydney:5,wear-month,/wearthere/sydney/may/what-to-wear,what to wear in sydney in may,sydney may packing list,what clothes for sydney may,47,68,47,NOINDEX_PRODUCT,not a near-duplicate
76,wearthere,dest:los-angeles:12,wear-month,/wearthere/los-angeles/december/what-to-wear,what to wear in los angeles in december,los angeles december packing list,what clothes for los angeles december,47,68,47,NOINDEX_PRODUCT,not a near-duplicate
76,wearthere,dest:chicago:3,wear-month,/wearthere/chicago/march/what-to-wear,what to wear in chicago in march,chicago march packing list,what clothes for chicago march,47,68,47,NOINDEX_PRODUCT,not a near-duplicate
76,wearthere,dest:chicago:4,wear-month,/wearthere/chicago/april/what-to-wear,what to wear in chicago in april,chicago april packing list,what clothes for chicago april,47,68,47,NOINDEX_PRODUCT,not a near-duplicate
76,wearthere,dest:chicago:5,wear-month,/wearthere/chicago/may/what-to-wear,what to wear in chicago in may,chicago may packing list,what clothes for chicago may,47,68,47,NOINDEX_PRODUCT,not a near-duplicate
76,wearthere,dest:chicago:9,wear-month,/wearthere/chicago/september/what-to-wear,what to wear in chicago in september,chicago september packing list,what clothes for chicago september,47,68,47,NOINDEX_PRODUCT,not a near-duplicate
76,wearthere,dest:chicago:10,wear-month,/wearthere/chicago/october/what-to-wear,what to wear in chicago in october,chicago october packing list,what clothes for chicago october,47,68,47,NOINDEX_PRODUCT,not a near-duplicate
76,wearthere,dest:chicago:11,wear-month,/wearthere/chicago/november/what-to-wear,what to wear in chicago in november,chicago november packing list,what clothes for chicago november,47,68,47,NOINDEX_PRODUCT,not a near-duplicate
76,wearthere,dest:chicago:12,wear-month,/wearthere/chicago/december/what-to-wear,what to wear in chicago in december,chicago december packing list,what clothes for chicago december,47,68,47,NOINDEX_PRODUCT,not a near-duplicate
76,wearthere,dest:toronto:3,wear-month,/wearthere/toronto/march/what-to-wear,what to wear in toronto in march,toronto march packing list,what clothes for toronto march,47,68,47,NOINDEX_PRODUCT,not a near-duplicate
76,wearthere,dest:toronto:4,wear-month,/wearthere/toronto/april/what-to-wear,what to wear in toronto in april,toronto april packing list,what clothes for toronto april,47,68,47,NOINDEX_PRODUCT,not a near-duplicate
76,wearthere,dest:toronto:5,wear-month,/wearthere/toronto/may/what-to-wear,what to wear in toronto in may,toronto may packing list,what clothes for toronto may,47,68,47,NOINDEX_PRODUCT,not a near-duplicate
76,wearthere,dest:toronto:6,wear-month,/wearthere/toronto/june/what-to-wear,what to wear in toronto in june,toronto june packing list,what clothes for toronto june,47,68,47,NOINDEX_PRODUCT,not a near-duplicate
76,wearthere,dest:toronto:9,wear-month,/wearthere/toronto/september/what-to-wear,what to wear in toronto in september,toronto september packing list,what clothes for toronto september,47,68,47,NOINDEX_PRODUCT,not a near-duplicate
76,wearthere,dest:toronto:10,wear-month,/wearthere/toronto/october/what-to-wear,what to wear in toronto in october,toronto october packing list,what clothes for toronto october,47,68,47,NOINDEX_PRODUCT,not a near-duplicate
76,wearthere,dest:toronto:11,wear-month,/wearthere/toronto/november/what-to-wear,what to wear in toronto in november,toronto november packing list,what clothes for toronto november,47,68,47,NOINDEX_PRODUCT,not a near-duplicate
76,wearthere,dest:toronto:12,wear-month,/wearthere/toronto/december/what-to-wear,what to wear in toronto in december,toronto december packing list,what clothes for toronto december,47,68,47,NOINDEX_PRODUCT,not a near-duplicate
76,wearthere,dest:copenhagen:4,wear-month,/wearthere/copenhagen/april/what-to-wear,what to wear in copenhagen in april,copenhagen april packing list,what clothes for copenhagen april,47,68,47,NOINDEX_PRODUCT,not a near-duplicate
76,wearthere,dest:copenhagen:5,wear-month,/wearthere/copenhagen/may/what-to-wear,what to wear in copenhagen in may,copenhagen may packing list,what clothes for copenhagen may,47,68,47,NOINDEX_PRODUCT,not a near-duplicate
76,wearthere,dest:copenhagen:9,wear-month,/wearthere/copenhagen/september/what-to-wear,what to wear in copenhagen in september,copenhagen september packing list,what clothes for copenhagen september,47,68,47,NOINDEX_PRODUCT,not a near-duplicate
76,wearthere,dest:copenhagen:10,wear-month,/wearthere/copenhagen/october/what-to-wear,what to wear in copenhagen in october,copenhagen october packing list,what clothes for copenhagen october,47,68,47,NOINDEX_PRODUCT,not a near-duplicate
76,wearthere,dest:copenhagen:11,wear-month,/wearthere/copenhagen/november/what-to-wear,what to wear in copenhagen in november,copenhagen november packing list,what clothes for copenhagen november,47,68,47,NOINDEX_PRODUCT,not a near-duplicate
76,wearthere,dest:copenhagen:12,wear-month,/wearthere/copenhagen/december/what-to-wear,what to wear in copenhagen in december,copenhagen december packing list,what clothes for copenhagen december,47,68,47,NOINDEX_PRODUCT,not a near-duplicate
76,wearthere,dest:vienna:3,wear-month,/wearthere/vienna/march/what-to-wear,what to wear in vienna in march,vienna march packing list,what clothes for vienna march,47,68,47,NOINDEX_PRODUCT,not a near-duplicate
76,wearthere,dest:vienna:4,wear-month,/wearthere/vienna/april/what-to-wear,what to wear in vienna in april,vienna april packing list,what clothes for vienna april,47,68,47,NOINDEX_PRODUCT,not a near-duplicate
76,wearthere,dest:vienna:5,wear-month,/wearthere/vienna/may/what-to-wear,what to wear in vienna in may,vienna may packing list,what clothes for vienna may,47,68,47,NOINDEX_PRODUCT,not a near-duplicate
76,wearthere,dest:vienna:9,wear-month,/wearthere/vienna/september/what-to-wear,what to wear in vienna in september,vienna september packing list,what clothes for vienna september,47,68,47,NOINDEX_PRODUCT,not a near-duplicate
76,wearthere,dest:vienna:10,wear-month,/wearthere/vienna/october/what-to-wear,what to wear in vienna in october,vienna october packing list,what clothes for vienna october,47,68,47,NOINDEX_PRODUCT,not a near-duplicate
76,wearthere,dest:vienna:11,wear-month,/wearthere/vienna/november/what-to-wear,what to wear in vienna in november,vienna november packing list,what clothes for vienna november,47,68,47,NOINDEX_PRODUCT,not a near-duplicate
76,wearthere,dest:vienna:12,wear-month,/wearthere/vienna/december/what-to-wear,what to wear in vienna in december,vienna december packing list,what clothes for vienna december,47,68,47,NOINDEX_PRODUCT,not a near-duplicate
76,wearthere,dest:prague:3,wear-month,/wearthere/prague/march/what-to-wear,what to wear in prague in march,prague march packing list,what clothes for prague march,47,68,47,NOINDEX_PRODUCT,not a near-duplicate
76,wearthere,dest:prague:4,wear-month,/wearthere/prague/april/what-to-wear,what to wear in prague in april,prague april packing list,what clothes for prague april,47,68,47,NOINDEX_PRODUCT,not a near-duplicate
76,wearthere,dest:prague:5,wear-month,/wearthere/prague/may/what-to-wear,what to wear in prague in may,prague may packing list,what clothes for prague may,47,68,47,NOINDEX_PRODUCT,not a near-duplicate
76,wearthere,dest:prague:9,wear-month,/wearthere/prague/september/what-to-wear,what to wear in prague in september,prague september packing list,what clothes for prague september,47,68,47,NOINDEX_PRODUCT,not a near-duplicate
76,wearthere,dest:prague:10,wear-month,/wearthere/prague/october/what-to-wear,what to wear in prague in october,prague october packing list,what clothes for prague october,47,68,47,NOINDEX_PRODUCT,not a near-duplicate
76,wearthere,dest:prague:11,wear-month,/wearthere/prague/november/what-to-wear,what to wear in prague in november,prague november packing list,what clothes for prague november,47,68,47,NOINDEX_PRODUCT,not a near-duplicate
76,wearthere,dest:prague:12,wear-month,/wearthere/prague/december/what-to-wear,what to wear in prague in december,prague december packing list,what clothes for prague december,47,68,47,NOINDEX_PRODUCT,not a near-duplicate
76,wearthere,dest:bangkok:11,wear-month,/wearthere/bangkok/november/what-to-wear,what to wear in bangkok in november,bangkok november packing list,what clothes for bangkok november,47,68,47,NOINDEX_PRODUCT,not a near-duplicate
76,wearthere,dest:bangkok:12,wear-month,/wearthere/bangkok/december/what-to-wear,what to wear in bangkok in december,bangkok december packing list,what clothes for bangkok december,47,68,47,NOINDEX_PRODUCT,not a near-duplicate
76,wearthere,dest:marrakech:5,wear-month,/wearthere/marrakech/may/what-to-wear,what to wear in marrakech in may,marrakech may packing list,what clothes for marrakech may,47,68,47,NOINDEX_PRODUCT,not a near-duplicate
76,wearthere,dest:marrakech:6,wear-month,/wearthere/marrakech/june/what-to-wear,what to wear in marrakech in june,marrakech june packing list,what clothes for marrakech june,47,68,47,NOINDEX_PRODUCT,not a near-duplicate
76,wearthere,dest:marrakech:9,wear-month,/wearthere/marrakech/september/what-to-wear,what to wear in marrakech in september,marrakech september packing list,what clothes for marrakech september,47,68,47,NOINDEX_PRODUCT,not a near-duplicate
76,wearthere,dest:marrakech:10,wear-month,/wearthere/marrakech/october/what-to-wear,what to wear in marrakech in october,marrakech october packing list,what clothes for marrakech october,47,68,47,NOINDEX_PRODUCT,not a near-duplicate
76,wearthere,dest:marrakech:11,wear-month,/wearthere/marrakech/november/what-to-wear,what to wear in marrakech in november,marrakech november packing list,what clothes for marrakech november,47,68,47,NOINDEX_PRODUCT,not a near-duplicate
76,wearthere,dest:marrakech:12,wear-month,/wearthere/marrakech/december/what-to-wear,what to wear in marrakech in december,marrakech december packing list,what clothes for marrakech december,47,68,47,NOINDEX_PRODUCT,not a near-duplicate
76,wearthere,dest:istanbul:4,wear-month,/wearthere/istanbul/april/what-to-wear,what to wear in istanbul in april,istanbul april packing list,what clothes for istanbul april,47,68,47,NOINDEX_PRODUCT,not a near-duplicate
76,wearthere,dest:istanbul:5,wear-month,/wearthere/istanbul/may/what-to-wear,what to wear in istanbul in may,istanbul may packing list,what clothes for istanbul may,47,68,47,NOINDEX_PRODUCT,not a near-duplicate
76,wearthere,dest:istanbul:9,wear-month,/wearthere/istanbul/september/what-to-wear,what to wear in istanbul in september,istanbul september packing list,what clothes for istanbul september,47,68,47,NOINDEX_PRODUCT,not a near-duplicate
76,wearthere,dest:istanbul:10,wear-month,/wearthere/istanbul/october/what-to-wear,what to wear in istanbul in october,istanbul october packing list,what clothes for istanbul october,47,68,47,NOINDEX_PRODUCT,not a near-duplicate
76,wearthere,dest:istanbul:11,wear-month,/wearthere/istanbul/november/what-to-wear,what to wear in istanbul in november,istanbul november packing list,what clothes for istanbul november,47,68,47,NOINDEX_PRODUCT,not a near-duplicate
76,wearthere,dest:istanbul:12,wear-month,/wearthere/istanbul/december/what-to-wear,what to wear in istanbul in december,istanbul december packing list,what clothes for istanbul december,47,68,47,NOINDEX_PRODUCT,not a near-duplicate
76,wearthere,dest:hong-kong:4,wear-month,/wearthere/hong-kong/april/what-to-wear,what to wear in hong kong in april,hong kong april packing list,what clothes for hong kong april,47,68,47,NOINDEX_PRODUCT,not a near-duplicate
76,wearthere,dest:hong-kong:5,wear-month,/wearthere/hong-kong/may/what-to-wear,what to wear in hong kong in may,hong kong may packing list,what clothes for hong kong may,47,68,47,NOINDEX_PRODUCT,not a near-duplicate
76,wearthere,dest:hong-kong:9,wear-month,/wearthere/hong-kong/september/what-to-wear,what to wear in hong kong in september,hong kong september packing list,what clothes for hong kong september,47,68,47,NOINDEX_PRODUCT,not a near-duplicate
76,wearthere,dest:hong-kong:11,wear-month,/wearthere/hong-kong/november/what-to-wear,what to wear in hong kong in november,hong kong november packing list,what clothes for hong kong november,47,68,47,NOINDEX_PRODUCT,not a near-duplicate
76,wearthere,dest:hong-kong:12,wear-month,/wearthere/hong-kong/december/what-to-wear,what to wear in hong kong in december,hong kong december packing list,what clothes for hong kong december,47,68,47,NOINDEX_PRODUCT,not a near-duplicate
76,wearthere,dest:miami:5,wear-month,/wearthere/miami/may/what-to-wear,what to wear in miami in may,miami may packing list,what clothes for miami may,47,68,47,NOINDEX_PRODUCT,not a near-duplicate
76,wearthere,dest:miami:10,wear-month,/wearthere/miami/october/what-to-wear,what to wear in miami in october,miami october packing list,what clothes for miami october,47,68,47,NOINDEX_PRODUCT,not a near-duplicate
76,wearthere,dest:osaka:3,wear-month,/wearthere/osaka/march/what-to-wear,what to wear in osaka in march,osaka march packing list,what clothes for osaka march,47,68,47,NOINDEX_PRODUCT,not a near-duplicate
76,wearthere,dest:osaka:4,wear-month,/wearthere/osaka/april/what-to-wear,what to wear in osaka in april,osaka april packing list,what clothes for osaka april,47,68,47,NOINDEX_PRODUCT,not a near-duplicate
76,wearthere,dest:osaka:5,wear-month,/wearthere/osaka/may/what-to-wear,what to wear in osaka in may,osaka may packing list,what clothes for osaka may,47,68,47,NOINDEX_PRODUCT,not a near-duplicate
76,wearthere,dest:osaka:6,wear-month,/wearthere/osaka/june/what-to-wear,what to wear in osaka in june,osaka june packing list,what clothes for osaka june,47,68,47,NOINDEX_PRODUCT,not a near-duplicate
76,wearthere,dest:osaka:9,wear-month,/wearthere/osaka/september/what-to-wear,what to wear in osaka in september,osaka september packing list,what clothes for osaka september,47,68,47,NOINDEX_PRODUCT,not a near-duplicate
76,wearthere,dest:osaka:10,wear-month,/wearthere/osaka/october/what-to-wear,what to wear in osaka in october,osaka october packing list,what clothes for osaka october,47,68,47,NOINDEX_PRODUCT,not a near-duplicate
76,wearthere,dest:osaka:11,wear-month,/wearthere/osaka/november/what-to-wear,what to wear in osaka in november,osaka november packing list,what clothes for osaka november,47,68,47,NOINDEX_PRODUCT,not a near-duplicate
76,wearthere,dest:osaka:12,wear-month,/wearthere/osaka/december/what-to-wear,what to wear in osaka in december,osaka december packing list,what clothes for osaka december,47,68,47,NOINDEX_PRODUCT,not a near-duplicate
76,wearthere,dest:vancouver:1,wear-month,/wearthere/vancouver/january/what-to-wear,what to wear in vancouver in january,vancouver january packing list,what clothes for vancouver january,47,68,47,NOINDEX_PRODUCT,not a near-duplicate
76,wearthere,dest:vancouver:5,wear-month,/wearthere/vancouver/may/what-to-wear,what to wear in vancouver in may,vancouver may packing list,what clothes for vancouver may,47,68,47,NOINDEX_PRODUCT,not a near-duplicate
76,wearthere,dest:vancouver:9,wear-month,/wearthere/vancouver/september/what-to-wear,what to wear in vancouver in september,vancouver september packing list,what clothes for vancouver september,47,68,47,NOINDEX_PRODUCT,not a near-duplicate
76,wearthere,dest:vancouver:10,wear-month,/wearthere/vancouver/october/what-to-wear,what to wear in vancouver in october,vancouver october packing list,what clothes for vancouver october,47,68,47,NOINDEX_PRODUCT,not a near-duplicate
76,wearthere,dest:vancouver:11,wear-month,/wearthere/vancouver/november/what-to-wear,what to wear in vancouver in november,vancouver november packing list,what clothes for vancouver november,47,68,47,NOINDEX_PRODUCT,not a near-duplicate
76,wearthere,dest:vancouver:12,wear-month,/wearthere/vancouver/december/what-to-wear,what to wear in vancouver in december,vancouver december packing list,what clothes for vancouver december,47,68,47,NOINDEX_PRODUCT,not a near-duplicate
76,wearthere,dest:edinburgh:10,wear-month,/wearthere/edinburgh/october/what-to-wear,what to wear in edinburgh in october,edinburgh october packing list,what clothes for edinburgh october,47,68,47,NOINDEX_PRODUCT,not a near-duplicate
76,wearthere,dest:florence:4,wear-month,/wearthere/florence/april/what-to-wear,what to wear in florence in april,florence april packing list,what clothes for florence april,47,68,47,NOINDEX_PRODUCT,not a near-duplicate
76,wearthere,dest:florence:5,wear-month,/wearthere/florence/may/what-to-wear,what to wear in florence in may,florence may packing list,what clothes for florence may,47,68,47,NOINDEX_PRODUCT,not a near-duplicate
76,wearthere,dest:florence:9,wear-month,/wearthere/florence/september/what-to-wear,what to wear in florence in september,florence september packing list,what clothes for florence september,47,68,47,NOINDEX_PRODUCT,not a near-duplicate
76,wearthere,dest:florence:10,wear-month,/wearthere/florence/october/what-to-wear,what to wear in florence in october,florence october packing list,what clothes for florence october,47,68,47,NOINDEX_PRODUCT,not a near-duplicate
76,wearthere,dest:florence:11,wear-month,/wearthere/florence/november/what-to-wear,what to wear in florence in november,florence november packing list,what clothes for florence november,47,68,47,NOINDEX_PRODUCT,not a near-duplicate
76,wearthere,dest:florence:12,wear-month,/wearthere/florence/december/what-to-wear,what to wear in florence in december,florence december packing list,what clothes for florence december,47,68,47,NOINDEX_PRODUCT,not a near-duplicate
76,chargematch,pair:iphone-16:apple-20w,can-charger-charge,/chargematch/iphone-16/with/apple-20w,can i use apple-20w with iphone-16,iphone-16 apple-20w wattage,iphone-16 charger compatibility,47,68,47,NOINDEX_PRODUCT,not a near-duplicate
76,chargematch,pair:iphone-16:apple-35w-dual,can-charger-charge,/chargematch/iphone-16/with/apple-35w-dual,can i use apple-35w-dual with iphone-16,iphone-16 apple-35w-dual wattage,iphone-16 charger compatibility,47,68,47,NOINDEX_PRODUCT,not a near-duplicate
76,chargematch,pair:iphone-16:anker-65w,can-charger-charge,/chargematch/iphone-16/with/anker-65w,can i use anker-65w with iphone-16,iphone-16 anker-65w wattage,iphone-16 charger compatibility,47,68,47,NOINDEX_PRODUCT,not a near-duplicate
76,chargematch,pair:macbook-air-13-m3:apple-70w,can-charger-charge,/chargematch/macbook-air-13-m3/with/apple-70w,can i use apple-70w with macbook-air-13-m3,macbook-air-13-m3 apple-70w wattage,macbook-air-13-m3 charger compatibility,47,68,47,NOINDEX_PRODUCT,not a near-duplicate
76,chargematch,pair:macbook-air-13-m3:anker-65w,can-charger-charge,/chargematch/macbook-air-13-m3/with/anker-65w,can i use anker-65w with macbook-air-13-m3,macbook-air-13-m3 anker-65w wattage,macbook-air-13-m3 charger compatibility,47,68,47,NOINDEX_PRODUCT,not a near-duplicate
76,chargematch,pair:macbook-air-13-m3:anker-100w-2c,can-charger-charge,/chargematch/macbook-air-13-m3/with/anker-100w-2c,can i use anker-100w-2c with macbook-air-13-m3,macbook-air-13-m3 anker-100w-2c wattage,macbook-air-13-m3 charger compatibility,47,68,47,NOINDEX_PRODUCT,not a near-duplicate
76,chargematch,pair:macbook-pro-14-m3:anker-65w,can-charger-charge,/chargematch/macbook-pro-14-m3/with/anker-65w,can i use anker-65w with macbook-pro-14-m3,macbook-pro-14-m3 anker-65w wattage,macbook-pro-14-m3 charger compatibility,47,68,47,NOINDEX_PRODUCT,not a near-duplicate
76,chargematch,pair:macbook-pro-14-m3:apple-70w,can-charger-charge,/chargematch/macbook-pro-14-m3/with/apple-70w,can i use apple-70w with macbook-pro-14-m3,macbook-pro-14-m3 apple-70w wattage,macbook-pro-14-m3 charger compatibility,47,68,47,NOINDEX_PRODUCT,not a near-duplicate
76,chargematch,pair:steam-deck:anker-65w,can-charger-charge,/chargematch/steam-deck/with/anker-65w,can i use anker-65w with steam-deck,steam-deck anker-65w wattage,steam-deck charger compatibility,47,68,47,NOINDEX_PRODUCT,not a near-duplicate
76,chargematch,pair:steam-deck:apple-20w,can-charger-charge,/chargematch/steam-deck/with/apple-20w,can i use apple-20w with steam-deck,steam-deck apple-20w wattage,steam-deck charger compatibility,47,68,47,NOINDEX_PRODUCT,not a near-duplicate
76,chargematch,pair:galaxy-s24:anker-65w,can-charger-charge,/chargematch/galaxy-s24/with/anker-65w,can i use anker-65w with galaxy-s24,galaxy-s24 anker-65w wattage,galaxy-s24 charger compatibility,47,68,47,NOINDEX_PRODUCT,not a near-duplicate
76,chargematch,pair:iphone-15:apple-20w,can-charger-charge,/chargematch/iphone-15/with/apple-20w,can i use apple-20w with iphone-15,iphone-15 apple-20w wattage,iphone-15 charger compatibility,47,68,47,NOINDEX_PRODUCT,not a near-duplicate
76,chargematch,pair:iphone-16-pro:apple-20w,can-charger-charge,/chargematch/iphone-16-pro/with/apple-20w,can i use apple-20w with iphone-16-pro,iphone-16-pro apple-20w wattage,iphone-16-pro charger compatibility,47,68,47,NOINDEX_PRODUCT,not a near-duplicate
76,chargematch,pair:iphone-16-pro:apple-30w,can-charger-charge,/chargematch/iphone-16-pro/with/apple-30w,can i use apple-30w with iphone-16-pro,iphone-16-pro apple-30w wattage,iphone-16-pro charger compatibility,47,68,47,NOINDEX_PRODUCT,not a near-duplicate
76,chargematch,pair:iphone-16-pro:anker-65w,can-charger-charge,/chargematch/iphone-16-pro/with/anker-65w,can i use anker-65w with iphone-16-pro,iphone-16-pro anker-65w wattage,iphone-16-pro charger compatibility,47,68,47,NOINDEX_PRODUCT,not a near-duplicate
76,chargematch,pair:iphone-16-pro:anker-100w-2c,can-charger-charge,/chargematch/iphone-16-pro/with/anker-100w-2c,can i use anker-100w-2c with iphone-16-pro,iphone-16-pro anker-100w-2c wattage,iphone-16-pro charger compatibility,47,68,47,NOINDEX_PRODUCT,not a near-duplicate
76,chargematch,pair:iphone-14:apple-20w,can-charger-charge,/chargematch/iphone-14/with/apple-20w,can i use apple-20w with iphone-14,iphone-14 apple-20w wattage,iphone-14 charger compatibility,47,68,47,NOINDEX_PRODUCT,not a near-duplicate
76,chargematch,pair:iphone-14:apple-30w,can-charger-charge,/chargematch/iphone-14/with/apple-30w,can i use apple-30w with iphone-14,iphone-14 apple-30w wattage,iphone-14 charger compatibility,47,68,47,NOINDEX_PRODUCT,not a near-duplicate
76,chargematch,pair:macbook-air-15-m3:apple-70w,can-charger-charge,/chargematch/macbook-air-15-m3/with/apple-70w,can i use apple-70w with macbook-air-15-m3,macbook-air-15-m3 apple-70w wattage,macbook-air-15-m3 charger compatibility,47,68,47,NOINDEX_PRODUCT,not a near-duplicate
76,chargematch,pair:macbook-air-15-m3:anker-65w,can-charger-charge,/chargematch/macbook-air-15-m3/with/anker-65w,can i use anker-65w with macbook-air-15-m3,macbook-air-15-m3 anker-65w wattage,macbook-air-15-m3 charger compatibility,47,68,47,NOINDEX_PRODUCT,not a near-duplicate
76,chargematch,pair:macbook-air-15-m3:apple-30w,can-charger-charge,/chargematch/macbook-air-15-m3/with/apple-30w,can i use apple-30w with macbook-air-15-m3,macbook-air-15-m3 apple-30w wattage,macbook-air-15-m3 charger compatibility,47,68,47,NOINDEX_PRODUCT,not a near-duplicate
76,chargematch,pair:ipad-air-m2:apple-20w,can-charger-charge,/chargematch/ipad-air-m2/with/apple-20w,can i use apple-20w with ipad-air-m2,ipad-air-m2 apple-20w wattage,ipad-air-m2 charger compatibility,47,68,47,NOINDEX_PRODUCT,not a near-duplicate
76,chargematch,pair:ipad-air-m2:apple-30w,can-charger-charge,/chargematch/ipad-air-m2/with/apple-30w,can i use apple-30w with ipad-air-m2,ipad-air-m2 apple-30w wattage,ipad-air-m2 charger compatibility,47,68,47,NOINDEX_PRODUCT,not a near-duplicate
76,chargematch,pair:pixel-9:anker-65w,can-charger-charge,/chargematch/pixel-9/with/anker-65w,can i use anker-65w with pixel-9,pixel-9 anker-65w wattage,pixel-9 charger compatibility,47,68,47,NOINDEX_PRODUCT,not a near-duplicate
76,chargematch,pair:pixel-9:anker-45w,can-charger-charge,/chargematch/pixel-9/with/anker-45w,can i use anker-45w with pixel-9,pixel-9 anker-45w wattage,pixel-9 charger compatibility,47,68,47,NOINDEX_PRODUCT,not a near-duplicate
76,chargematch,pair:galaxy-s24-ultra:anker-65w,can-charger-charge,/chargematch/galaxy-s24-ultra/with/anker-65w,can i use anker-65w with galaxy-s24-ultra,galaxy-s24-ultra anker-65w wattage,galaxy-s24-ultra charger compatibility,47,68,47,NOINDEX_PRODUCT,not a near-duplicate
76,chargematch,pair:galaxy-s24-ultra:apple-30w,can-charger-charge,/chargematch/galaxy-s24-ultra/with/apple-30w,can i use apple-30w with galaxy-s24-ultra,galaxy-s24-ultra apple-30w wattage,galaxy-s24-ultra charger compatibility,47,68,47,NOINDEX_PRODUCT,not a near-duplicate
76,chargematch,pair:steam-deck-oled:anker-65w,can-charger-charge,/chargematch/steam-deck-oled/with/anker-65w,can i use anker-65w with steam-deck-oled,steam-deck-oled anker-65w wattage,steam-deck-oled charger compatibility,47,68,47,NOINDEX_PRODUCT,not a near-duplicate
76,chargematch,pair:steam-deck-oled:anker-45w,can-charger-charge,/chargematch/steam-deck-oled/with/anker-45w,can i use anker-45w with steam-deck-oled,steam-deck-oled anker-45w wattage,steam-deck-oled charger compatibility,47,68,47,NOINDEX_PRODUCT,not a near-duplicate
76,chargematch,pair:nintendo-switch-oled:apple-20w,can-charger-charge,/chargematch/nintendo-switch-oled/with/apple-20w,can i use apple-20w with nintendo-switch-oled,nintendo-switch-oled apple-20w wattage,nintendo-switch-oled charger compatibility,47,68,47,NOINDEX_PRODUCT,not a near-duplicate
76,chargematch,pair:nintendo-switch-oled:anker-45w,can-charger-charge,/chargematch/nintendo-switch-oled/with/anker-45w,can i use anker-45w with nintendo-switch-oled,nintendo-switch-oled anker-45w wattage,nintendo-switch-oled charger compatibility,47,68,47,NOINDEX_PRODUCT,not a near-duplicate
76,chargematch,pair:framework-13:anker-65w,can-charger-charge,/chargematch/framework-13/with/anker-65w,can i use anker-65w with framework-13,framework-13 anker-65w wattage,framework-13 charger compatibility,47,68,47,NOINDEX_PRODUCT,not a near-duplicate
76,chargematch,pair:quest-3:apple-20w,can-charger-charge,/chargematch/quest-3/with/apple-20w,can i use apple-20w with quest-3,quest-3 apple-20w wattage,quest-3 charger compatibility,47,68,47,NOINDEX_PRODUCT,not a near-duplicate
76,chargematch,pair:galaxy-tab-s9:anker-65w,can-charger-charge,/chargematch/galaxy-tab-s9/with/anker-65w,can i use anker-65w with galaxy-tab-s9,galaxy-tab-s9 anker-65w wattage,galaxy-tab-s9 charger compatibility,47,68,47,NOINDEX_PRODUCT,not a near-duplicate
76,chargematch,pair:ipad-pro-m4:anker-65w,can-charger-charge,/chargematch/ipad-pro-m4/with/anker-65w,can i use anker-65w with ipad-pro-m4,ipad-pro-m4 anker-65w wattage,ipad-pro-m4 charger compatibility,47,68,47,NOINDEX_PRODUCT,not a near-duplicate
76,chargematch,pair:macbook-pro-14-m3:anker-100w-2c,can-charger-charge,/chargematch/macbook-pro-14-m3/with/anker-100w-2c,can i use anker-100w-2c with macbook-pro-14-m3,macbook-pro-14-m3 anker-100w-2c wattage,macbook-pro-14-m3 charger compatibility,47,68,47,NOINDEX_PRODUCT,not a near-duplicate
76,chargematch,pair:macbook-pro-14-m3:apple-140w,can-charger-charge,/chargematch/macbook-pro-14-m3/with/apple-140w,can i use apple-140w with macbook-pro-14-m3,macbook-pro-14-m3 apple-140w wattage,macbook-pro-14-m3 charger compatibility,47,68,47,NOINDEX_PRODUCT,not a near-duplicate
76,chargematch,pair:iphone-16:apple-30w,can-charger-charge,/chargematch/iphone-16/with/apple-30w,can i use apple-30w with iphone-16,iphone-16 apple-30w wattage,iphone-16 charger compatibility,47,68,47,NOINDEX_PRODUCT,not a near-duplicate
76,chargematch,pair:iphone-15:anker-65w,can-charger-charge,/chargematch/iphone-15/with/anker-65w,can i use anker-65w with iphone-15,iphone-15 anker-65w wattage,iphone-15 charger compatibility,47,68,47,NOINDEX_PRODUCT,not a near-duplicate
76,chargematch,pair:galaxy-s24:apple-20w,can-charger-charge,/chargematch/galaxy-s24/with/apple-20w,can i use apple-20w with galaxy-s24,galaxy-s24 apple-20w wattage,galaxy-s24 charger compatibility,47,68,47,NOINDEX_PRODUCT,not a near-duplicate
76,chargematch,pair:pixel-8:anker-45w,can-charger-charge,/chargematch/pixel-8/with/anker-45w,can i use anker-45w with pixel-8,pixel-8 anker-45w wattage,pixel-8 charger compatibility,47,68,47,NOINDEX_PRODUCT,not a near-duplicate
76,chargematch,pair:steam-deck:anker-45w,can-charger-charge,/chargematch/steam-deck/with/anker-45w,can i use anker-45w with steam-deck,steam-deck anker-45w wattage,steam-deck charger compatibility,47,68,47,NOINDEX_PRODUCT,not a near-duplicate
68,wearthere,dest:london:12,wear-month,/wearthere/london/december/what-to-wear,what to wear in london in december,london december packing list,what clothes for london december,47,68,47,NOINDEX_PRODUCT,NOINDEX_PRODUCT
68,wearthere,dest:barcelona:12,wear-month,/wearthere/barcelona/december/what-to-wear,what to wear in barcelona in december,barcelona december packing list,what clothes for barcelona december,47,68,47,NOINDEX_PRODUCT,NOINDEX_PRODUCT
68,wearthere,dest:los-angeles:11,wear-month,/wearthere/los-angeles/november/what-to-wear,what to wear in los angeles in november,los angeles november packing list,what clothes for los angeles november,47,68,47,NOINDEX_PRODUCT,NOINDEX_PRODUCT
62,fixcode,fix:bosch:dishwasher:leaking,symptom,/fixcode/bosch/dishwasher/leaking,bosch dishwasher leaking: causes & checks,,,87,49,87,REVIEW_REQUIRED,known brand with existing provenance; actionable diagnostic; not a near-duplicate
62,fixcode,fix:bosch:dishwasher:will-not-start,symptom,/fixcode/bosch/dishwasher/will-not-start,bosch dishwasher will not start: causes & checks,,,87,49,87,REVIEW_REQUIRED,known brand with existing provenance; actionable diagnostic; not a near-duplicate
62,fixcode,fix:bosch:dishwasher:not-draining,symptom,/fixcode/bosch/dishwasher/not-draining,bosch dishwasher not draining: causes & checks,,,87,49,87,REVIEW_REQUIRED,known brand with existing provenance; actionable diagnostic; not a near-duplicate
62,fixcode,fix:bosch:dishwasher:standing-water,symptom,/fixcode/bosch/dishwasher/standing-water,bosch dishwasher standing water: causes & checks,,,87,49,87,REVIEW_REQUIRED,known brand with existing provenance; actionable diagnostic; not a near-duplicate
61,fixcode,fix:bosch:washer:not-draining,symptom,/fixcode/bosch/washer/not-draining,bosch washer not draining: causes & checks,,,87,48,87,REVIEW_REQUIRED,known brand with existing provenance; actionable diagnostic; not a near-duplicate
61,fixcode,fix:bosch:washer:not-filling,symptom,/fixcode/bosch/washer/not-filling,bosch washer not filling: causes & checks,,,87,48,87,REVIEW_REQUIRED,known brand with existing provenance; actionable diagnostic; not a near-duplicate
61,fixcode,fix:bosch:washer:takes-too-long-to-fill,symptom,/fixcode/bosch/washer/takes-too-long-to-fill,bosch washer takes too long to fill: causes & checks,,,87,48,87,REVIEW_REQUIRED,known brand with existing provenance; actionable diagnostic; not a near-duplicate
61,fixcode,fix:bosch:washer:standing-water,symptom,/fixcode/bosch/washer/standing-water,bosch washer standing water: causes & checks,,,87,48,87,REVIEW_REQUIRED,known brand with existing provenance; actionable diagnostic; not a near-duplicate
61,fixcode,fix:bosch:washer:leaking,symptom,/fixcode/bosch/washer/leaking,bosch washer leaking: causes & checks,,,87,48,87,REVIEW_REQUIRED,known brand with existing provenance; actionable diagnostic; not a near-duplicate
61,fixcode,fix:miele:dishwasher:not-draining,symptom,/fixcode/miele/dishwasher/not-draining,miele dishwasher not draining: causes & checks,,,87,48,87,REVIEW_REQUIRED,known brand with existing provenance; actionable diagnostic; not a near-duplicate
61,fixcode,fix:miele:dishwasher:standing-water,symptom,/fixcode/miele/dishwasher/standing-water,miele dishwasher standing water: causes & checks,,,87,48,87,REVIEW_REQUIRED,known brand with existing provenance; actionable diagnostic; not a near-duplicate
61,tripcost,paris-lyon,route-car-vs-train,/tripcost/paris/to/lyon,to drive vs train cost,cost to drive,car vs train,33,68,33,NOINDEX_PRODUCT,not a near-duplicate; heuristic fare — demand cannot unlock INDEXABLE yet
61,tripcost,paris-barcelona,route-car-vs-train,/tripcost/paris/to/barcelona,to drive vs train cost,cost to drive,car vs train,33,68,33,NOINDEX_PRODUCT,not a near-duplicate; heuristic fare — demand cannot unlock INDEXABLE yet
61,tripcost,london-paris,route-car-vs-train,/tripcost/london/to/paris,to drive vs train cost,cost to drive,car vs train,33,68,33,NOINDEX_PRODUCT,not a near-duplicate; heuristic fare — demand cannot unlock INDEXABLE yet
61,tripcost,berlin-munich,route-car-vs-train,/tripcost/berlin/to/munich,to drive vs train cost,cost to drive,car vs train,33,68,33,NOINDEX_PRODUCT,not a near-duplicate; heuristic fare — demand cannot unlock INDEXABLE yet
61,tripcost,paris-amsterdam,route-car-vs-train,/tripcost/paris/to/amsterdam,to drive vs train cost,cost to drive,car vs train,33,68,33,NOINDEX_PRODUCT,not a near-duplicate; heuristic fare — demand cannot unlock INDEXABLE yet
61,tripcost,paris-brussels,route-car-vs-train,/tripcost/paris/to/brussels,to drive vs train cost,cost to drive,car vs train,33,68,33,NOINDEX_PRODUCT,not a near-duplicate; heuristic fare — demand cannot unlock INDEXABLE yet
61,tripcost,milan-munich,route-car-vs-train,/tripcost/milan/to/munich,to drive vs train cost,cost to drive,car vs train,33,68,33,NOINDEX_PRODUCT,not a near-duplicate; heuristic fare — demand cannot unlock INDEXABLE yet
61,tripcost,paris-rome,route-car-vs-train,/tripcost/paris/to/rome,to drive vs train cost,cost to drive,car vs train,33,68,33,NOINDEX_PRODUCT,not a near-duplicate; heuristic fare — demand cannot unlock INDEXABLE yet
61,tripcost,amsterdam-berlin,route-car-vs-train,/tripcost/amsterdam/to/berlin,to drive vs train cost,cost to drive,car vs train,33,68,33,NOINDEX_PRODUCT,not a near-duplicate; heuristic fare — demand cannot unlock INDEXABLE yet
61,tripcost,madrid-barcelona,route-car-vs-train,/tripcost/madrid/to/barcelona,to drive vs train cost,cost to drive,car vs train,33,68,33,NOINDEX_PRODUCT,not a near-duplicate; heuristic fare — demand cannot unlock INDEXABLE yet
61,tripcost,rome-milan,route-car-vs-train,/tripcost/rome/to/milan,to drive vs train cost,cost to drive,car vs train,33,68,33,NOINDEX_PRODUCT,not a near-duplicate; heuristic fare — demand cannot unlock INDEXABLE yet
61,tripcost,london-amsterdam,route-car-vs-train,/tripcost/london/to/amsterdam,to drive vs train cost,cost to drive,car vs train,33,68,33,NOINDEX_PRODUCT,not a near-duplicate; heuristic fare — demand cannot unlock INDEXABLE yet
61,tripcost,paris-frankfurt,route-car-vs-train,/tripcost/paris/to/frankfurt,to drive vs train cost,cost to drive,car vs train,33,68,33,NOINDEX_PRODUCT,not a near-duplicate; heuristic fare — demand cannot unlock INDEXABLE yet
61,tripcost,munich-zurich,route-car-vs-train,/tripcost/munich/to/zurich,to drive vs train cost,cost to drive,car vs train,33,68,33,NOINDEX_PRODUCT,not a near-duplicate; heuristic fare — demand cannot unlock INDEXABLE yet
61,tripcost,lyon-marseille,route-car-vs-train,/tripcost/lyon/to/marseille,to drive vs train cost,cost to drive,car vs train,33,68,33,NOINDEX_PRODUCT,not a near-duplicate; heuristic fare — demand cannot unlock INDEXABLE yet
61,tripcost,berlin-hamburg,route-car-vs-train,/tripcost/berlin/to/hamburg,to drive vs train cost,cost to drive,car vs train,33,68,33,NOINDEX_PRODUCT,not a near-duplicate; heuristic fare — demand cannot unlock INDEXABLE yet
61,tripcost,paris-geneva,route-car-vs-train,/tripcost/paris/to/geneva,to drive vs train cost,cost to drive,car vs train,33,68,33,NOINDEX_PRODUCT,not a near-duplicate; heuristic fare — demand cannot unlock INDEXABLE yet
61,tripcost,brussels-amsterdam,route-car-vs-train,/tripcost/brussels/to/amsterdam,to drive vs train cost,cost to drive,car vs train,33,68,33,NOINDEX_PRODUCT,not a near-duplicate; heuristic fare — demand cannot unlock INDEXABLE yet
61,tripcost,lisbon-madrid,route-car-vs-train,/tripcost/lisbon/to/madrid,to drive vs train cost,cost to drive,car vs train,33,68,33,NOINDEX_PRODUCT,not a near-duplicate; heuristic fare — demand cannot unlock INDEXABLE yet
60,fixcode,fix:miele:washer:not-filling,symptom,/fixcode/miele/washer/not-filling,miele washer not filling: causes & checks,,,87,47,87,REVIEW_REQUIRED,known brand with existing provenance; actionable diagnostic; not a near-duplicate
60,fixcode,fix:bosch:dishwasher:not-heating,symptom,/fixcode/bosch/dishwasher/not-heating,bosch dishwasher not heating: causes & checks,,,87,47,87,REVIEW_REQUIRED,known brand with existing provenance; actionable diagnostic; not a near-duplicate
60,fixcode,fix:bosch:dishwasher:dishes-wet,symptom,/fixcode/bosch/dishwasher/dishes-wet,bosch dishwasher dishes wet: causes & checks,,,87,47,87,REVIEW_REQUIRED,known brand with existing provenance; actionable diagnostic; not a near-duplicate
60,fixcode,fix:bosch:dishwasher:not-filling,symptom,/fixcode/bosch/dishwasher/not-filling,bosch dishwasher not filling: causes & checks,,,87,47,87,REVIEW_REQUIRED,known brand with existing provenance; actionable diagnostic; not a near-duplicate
60,fixcode,fix:bosch:dishwasher:takes-too-long-to-fill,symptom,/fixcode/bosch/dishwasher/takes-too-long-to-fill,bosch dishwasher takes too long to fill: causes & checks,,,87,47,87,REVIEW_REQUIRED,known brand with existing provenance; actionable diagnostic; not a near-duplicate
60,fixcode,fix:bosch:dishwasher:wont-spin,symptom,/fixcode/bosch/dishwasher/wont-spin,bosch dishwasher wont spin: causes & checks,,,87,47,87,REVIEW_REQUIRED,known brand with existing provenance; actionable diagnostic; not a near-duplicate
60,fixcode,fix:bosch:dishwasher:dead-drum,symptom,/fixcode/bosch/dishwasher/dead-drum,bosch dishwasher dead drum: causes & checks,,,87,47,87,REVIEW_REQUIRED,known brand with existing provenance; actionable diagnostic; not a near-duplicate
60,fixcode,fix:bosch:dishwasher:wont-start,symptom,/fixcode/bosch/dishwasher/wont-start,bosch dishwasher wont start: causes & checks,,,87,47,87,REVIEW_REQUIRED,known brand with existing provenance; actionable diagnostic; not a near-duplicate
60,fixcode,fix:bosch:washer:not-heating,symptom,/fixcode/bosch/washer/not-heating,bosch washer not heating: causes & checks,,,87,47,87,REVIEW_REQUIRED,known brand with existing provenance; actionable diagnostic; not a near-duplicate
60,fixcode,fix:bosch:washer:door-wont-lock,symptom,/fixcode/bosch/washer/door-wont-lock,bosch washer door wont lock: causes & checks,,,87,47,87,REVIEW_REQUIRED,known brand with existing provenance; actionable diagnostic; not a near-duplicate
60,fixcode,fix:bosch:dryer:not-drying,symptom,/fixcode/bosch/dryer/not-drying,bosch dryer not drying: causes & checks,,,87,47,87,REVIEW_REQUIRED,known brand with existing provenance; actionable diagnostic; not a near-duplicate
60,fixcode,fix:bosch:dryer:door-wont-lock,symptom,/fixcode/bosch/dryer/door-wont-lock,bosch dryer door wont lock: causes & checks,,,87,47,87,REVIEW_REQUIRED,known brand with existing provenance; actionable diagnostic; not a near-duplicate
60,fixcode,fix:bosch:oven:not-heating,symptom,/fixcode/bosch/oven/not-heating,bosch oven not heating: causes & checks,,,87,47,87,REVIEW_REQUIRED,known brand with existing provenance; actionable diagnostic; not a near-duplicate
60,fixcode,fix:miele:washer:takes-too-long-to-fill,symptom,/fixcode/miele/washer/takes-too-long-to-fill,miele washer takes too long to fill: causes & checks,,,87,47,87,REVIEW_REQUIRED,known brand with existing provenance; actionable diagnostic; not a near-duplicate
60,fixcode,fix:miele:washer:not-draining,symptom,/fixcode/miele/washer/not-draining,miele washer not draining: causes & checks,,,87,47,87,REVIEW_REQUIRED,known brand with existing provenance; actionable diagnostic; not a near-duplicate
60,fixcode,fix:miele:washer:standing-water,symptom,/fixcode/miele/washer/standing-water,miele washer standing water: causes & checks,,,87,47,87,REVIEW_REQUIRED,known brand with existing provenance; actionable diagnostic; not a near-duplicate
60,fixcode,fix:miele:washer:not-heating,symptom,/fixcode/miele/washer/not-heating,miele washer not heating: causes & checks,,,87,47,87,REVIEW_REQUIRED,known brand with existing provenance; actionable diagnostic; not a near-duplicate
60,fixcode,fix:miele:dishwasher:not-filling,symptom,/fixcode/miele/dishwasher/not-filling,miele dishwasher not filling: causes & checks,,,87,47,87,REVIEW_REQUIRED,known brand with existing provenance; actionable diagnostic; not a near-duplicate
60,fixcode,fix:miele:dishwasher:takes-too-long-to-fill,symptom,/fixcode/miele/dishwasher/takes-too-long-to-fill,miele dishwasher takes too long to fill: causes & checks,,,87,47,87,REVIEW_REQUIRED,known brand with existing provenance; actionable diagnostic; not a near-duplicate
60,fixcode,fix:miele:dishwasher:not-heating,symptom,/fixcode/miele/dishwasher/not-heating,miele dishwasher not heating: causes & checks,,,87,47,87,REVIEW_REQUIRED,known brand with existing provenance; actionable diagnostic; not a near-duplicate
60,fixcode,fix:miele:dishwasher:dishes-wet,symptom,/fixcode/miele/dishwasher/dishes-wet,miele dishwasher dishes wet: causes & checks,,,87,47,87,REVIEW_REQUIRED,known brand with existing provenance; actionable diagnostic; not a near-duplicate
60,fixcode,fix:miele:dishwasher:wont-spin,symptom,/fixcode/miele/dishwasher/wont-spin,miele dishwasher wont spin: causes & checks,,,87,47,87,REVIEW_REQUIRED,known brand with existing provenance; actionable diagnostic; not a near-duplicate
60,fixcode,fix:miele:dishwasher:dead-drum,symptom,/fixcode/miele/dishwasher/dead-drum,miele dishwasher dead drum: causes & checks,,,87,47,87,REVIEW_REQUIRED,known brand with existing provenance; actionable diagnostic; not a near-duplicate
60,fixcode,fix:miele:dishwasher:leaking,symptom,/fixcode/miele/dishwasher/leaking,miele dishwasher leaking: causes & checks,,,87,47,87,REVIEW_REQUIRED,known brand with existing provenance; actionable diagnostic; not a near-duplicate
60,fixcode,fix:miele:dishwasher:will-not-start,symptom,/fixcode/miele/dishwasher/will-not-start,miele dishwasher will not start: causes & checks,,,87,47,87,REVIEW_REQUIRED,known brand with existing provenance; actionable diagnostic; not a near-duplicate
59,fixcode,fix:bosch:washer:wont-spin,symptom,/fixcode/bosch/washer/wont-spin,bosch washer wont spin: causes & checks,,,87,46,87,REVIEW_REQUIRED,known brand with existing provenance; actionable diagnostic; not a near-duplicate
59,fixcode,fix:bosch:washer:dead-drum,symptom,/fixcode/bosch/washer/dead-drum,bosch washer dead drum: causes & checks,,,87,46,87,REVIEW_REQUIRED,known brand with existing provenance; actionable diagnostic; not a near-duplicate
59,fixcode,fix:bosch:oven:wont-start,symptom,/fixcode/bosch/oven/wont-start,bosch oven wont start: causes & checks,,,87,46,87,REVIEW_REQUIRED,known brand with existing provenance; actionable diagnostic; not a near-duplicate
59,fixcode,fix:miele:washer:wont-start,symptom,/fixcode/miele/washer/wont-start,miele washer wont start: causes & checks,,,87,46,87,REVIEW_REQUIRED,known brand with existing provenance; actionable diagnostic; not a near-duplicate
59,fixcode,fix:miele:dryer:not-drying,symptom,/fixcode/miele/dryer/not-drying,miele dryer not drying: causes & checks,,,87,46,87,REVIEW_REQUIRED,known brand with existing provenance; actionable diagnostic; not a near-duplicate
55,fixcode,fix:hub:bosch:dishwasher,appliance-hub,/fixcode/bosch/dishwasher,bosch dishwasher errors,,,100,57,100,GRAPH_ONLY,known brand with existing provenance; not a near-duplicate
55,fixcode,fix:hub:bosch:washer,appliance-hub,/fixcode/bosch/washer,bosch washer errors,,,100,57,100,GRAPH_ONLY,known brand with existing provenance; not a near-duplicate
55,fixcode,fix:hub:bosch:dryer,appliance-hub,/fixcode/bosch/dryer,bosch dryer errors,,,100,57,100,GRAPH_ONLY,known brand with existing provenance; not a near-duplicate
55,fixcode,fix:hub:bosch:oven,appliance-hub,/fixcode/bosch/oven,bosch oven errors,,,100,57,100,GRAPH_ONLY,known brand with existing provenance; not a near-duplicate
55,fixcode,fix:hub:miele:washer,appliance-hub,/fixcode/miele/washer,miele washer errors,,,100,57,100,GRAPH_ONLY,known brand with existing provenance; not a near-duplicate
55,fixcode,fix:hub:miele:dishwasher,appliance-hub,/fixcode/miele/dishwasher,miele dishwasher errors,,,100,57,100,GRAPH_ONLY,known brand with existing provenance; not a near-duplicate
55,fixcode,fix:hub:miele:dryer,appliance-hub,/fixcode/miele/dryer,miele dryer errors,,,100,57,100,GRAPH_ONLY,known brand with existing provenance; not a near-duplicate
54,fixcode,fix:samsung:washer:not-draining,symptom,/fixcode/samsung/washer/not-draining,samsung washer not draining: causes & checks,,,33,41,33,REVIEW_REQUIRED,known brand with existing provenance; actionable diagnostic; not a near-duplicate
54,fixcode,fix:samsung:washer:wont-spin,symptom,/fixcode/samsung/washer/wont-spin,samsung washer won't spin: causes & checks,,,33,41,33,REVIEW_REQUIRED,known brand with existing provenance; actionable diagnostic; not a near-duplicate
54,fixcode,fix:lg:washer:not-draining,symptom,/fixcode/lg/washer/not-draining,lg washer not draining: causes & checks,,,33,41,33,REVIEW_REQUIRED,known brand with existing provenance; actionable diagnostic; not a near-duplicate
54,fixcode,fix:samsung:dishwasher:not-draining,symptom,/fixcode/samsung/dishwasher/not-draining,samsung dishwasher not draining: causes & checks,,,33,41,33,REVIEW_REQUIRED,known brand with existing provenance; actionable diagnostic; not a near-duplicate
54,fixcode,fix:samsung:dishwasher:standing-water,symptom,/fixcode/samsung/dishwasher/standing-water,samsung dishwasher standing water: causes & checks,,,33,41,33,REVIEW_REQUIRED,known brand with existing provenance; actionable diagnostic; not a near-duplicate
53,fixcode,fix:samsung:washer:not-filling,symptom,/fixcode/samsung/washer/not-filling,samsung washer not filling: causes & checks,,,33,40,33,REVIEW_REQUIRED,known brand with existing provenance; actionable diagnostic; not a near-duplicate
53,fixcode,fix:samsung:washer:takes-too-long-to-fill,symptom,/fixcode/samsung/washer/takes-too-long-to-fill,samsung washer takes too long to fill: causes & checks,,,33,40,33,REVIEW_REQUIRED,known brand with existing provenance; actionable diagnostic; not a near-duplicate
53,fixcode,fix:samsung:washer:standing-water,symptom,/fixcode/samsung/washer/standing-water,samsung washer standing water: causes & checks,,,33,40,33,REVIEW_REQUIRED,known brand with existing provenance; actionable diagnostic; not a near-duplicate
53,fixcode,fix:samsung:washer:door-wont-lock,symptom,/fixcode/samsung/washer/door-wont-lock,samsung washer door wont lock: causes & checks,,,33,40,33,REVIEW_REQUIRED,known brand with existing provenance; actionable diagnostic; not a near-duplicate
53,fixcode,fix:samsung:washer:overfilling,symptom,/fixcode/samsung/washer/overfilling,samsung washer overfilling: causes & checks,,,33,40,33,REVIEW_REQUIRED,known brand with existing provenance; actionable diagnostic; not a near-duplicate
53,fixcode,fix:lg:washer:not-filling,symptom,/fixcode/lg/washer/not-filling,lg washer not filling: causes & checks,,,33,40,33,REVIEW_REQUIRED,known brand with existing provenance; actionable diagnostic; not a near-duplicate
53,fixcode,fix:lg:washer:wont-spin,symptom,/fixcode/lg/washer/wont-spin,lg washer wont spin: causes & checks,,,33,40,33,REVIEW_REQUIRED,known brand with existing provenance; actionable diagnostic; not a near-duplicate
53,fixcode,fix:lg:washer:door-wont-lock,symptom,/fixcode/lg/washer/door-wont-lock,lg washer door wont lock: causes & checks,,,33,40,33,REVIEW_REQUIRED,known brand with existing provenance; actionable diagnostic; not a near-duplicate
53,fixcode,fix:samsung:washer:too-many-suds,symptom,/fixcode/samsung/washer/too-many-suds,samsung washer too many suds: causes & checks,,,33,40,33,REVIEW_REQUIRED,known brand with existing provenance; actionable diagnostic; not a near-duplicate
53,fixcode,fix:samsung:dishwasher:not-filling,symptom,/fixcode/samsung/dishwasher/not-filling,samsung dishwasher not filling: causes & checks,,,33,40,33,REVIEW_REQUIRED,known brand with existing provenance; actionable diagnostic; not a near-duplicate
53,fixcode,fix:samsung:dishwasher:takes-too-long-to-fill,symptom,/fixcode/samsung/dishwasher/takes-too-long-to-fill,samsung dishwasher takes too long to fill: causes & checks,,,33,40,33,REVIEW_REQUIRED,known brand with existing provenance; actionable diagnostic; not a near-duplicate
53,fixcode,fix:samsung:dryer:not-drying,symptom,/fixcode/samsung/dryer/not-drying,samsung dryer not drying: causes & checks,,,33,40,33,REVIEW_REQUIRED,known brand with existing provenance; actionable diagnostic; not a near-duplicate
53,fixcode,fix:lg:washer:overfilling,symptom,/fixcode/lg/washer/overfilling,lg washer overfilling: causes & checks,,,33,40,33,REVIEW_REQUIRED,known brand with existing provenance; actionable diagnostic; not a near-duplicate
53,fixcode,fix:lg:washer:not-heating,symptom,/fixcode/lg/washer/not-heating,lg washer not heating: causes & checks,,,33,40,33,REVIEW_REQUIRED,known brand with existing provenance; actionable diagnostic; not a near-duplicate
53,fixcode,fix:lg:washer:dead-drum,symptom,/fixcode/lg/washer/dead-drum,lg washer dead drum: causes & checks,,,33,40,33,REVIEW_REQUIRED,known brand with existing provenance; actionable diagnostic; not a near-duplicate
53,fixcode,fix:lg:dishwasher:not-draining,symptom,/fixcode/lg/dishwasher/not-draining,lg dishwasher not draining: causes & checks,,,33,40,33,REVIEW_REQUIRED,known brand with existing provenance; actionable diagnostic; not a near-duplicate
53,fixcode,fix:lg:dishwasher:standing-water,symptom,/fixcode/lg/dishwasher/standing-water,lg dishwasher standing water: causes & checks,,,33,40,33,REVIEW_REQUIRED,known brand with existing provenance; actionable diagnostic; not a near-duplicate
53,fixcode,fix:lg:dishwasher:not-filling,symptom,/fixcode/lg/dishwasher/not-filling,lg dishwasher not filling: causes & checks,,,33,40,33,REVIEW_REQUIRED,known brand with existing provenance; actionable diagnostic; not a near-duplicate
53,fixcode,fix:lg:dishwasher:takes-too-long-to-fill,symptom,/fixcode/lg/dishwasher/takes-too-long-to-fill,lg dishwasher takes too long to fill: causes & checks,,,33,40,33,REVIEW_REQUIRED,known brand with existing provenance; actionable diagnostic; not a near-duplicate
53,fixcode,fix:lg:dishwasher:will-not-start,symptom,/fixcode/lg/dishwasher/will-not-start,lg dishwasher will not start: causes & checks,,,33,40,33,REVIEW_REQUIRED,known brand with existing provenance; actionable diagnostic; not a near-duplicate
52,fixcode,fix:samsung:washer:shakes,symptom,/fixcode/samsung/washer/shakes,samsung washer shakes: causes & checks,,,33,39,33,REVIEW_REQUIRED,known brand with existing provenance; actionable diagnostic; not a near-duplicate
52,fixcode,fix:samsung:washer:leaking,symptom,/fixcode/samsung/washer/leaking,samsung washer leaking: causes & checks,,,33,39,33,REVIEW_REQUIRED,known brand with existing provenance; actionable diagnostic; not a near-duplicate
52,fixcode,fix:samsung:washer:not-heating,symptom,/fixcode/samsung/washer/not-heating,samsung washer not heating: causes & checks,,,33,39,33,REVIEW_REQUIRED,known brand with existing provenance; actionable diagnostic; not a near-duplicate
52,fixcode,fix:samsung:washer:dead-drum,symptom,/fixcode/samsung/washer/dead-drum,samsung washer dead drum: causes & checks,,,33,39,33,REVIEW_REQUIRED,known brand with existing provenance; actionable diagnostic; not a near-duplicate
52,fixcode,fix:samsung:fridge:not-cooling,symptom,/fixcode/samsung/fridge/not-cooling,samsung fridge not cooling: causes & checks,,,33,39,33,REVIEW_REQUIRED,known brand with existing provenance; actionable diagnostic; not a near-duplicate
52,fixcode,fix:lg:dryer:not-drying,symptom,/fixcode/lg/dryer/not-drying,lg dryer not drying: causes & checks,,,33,39,33,REVIEW_REQUIRED,known brand with existing provenance; actionable diagnostic; not a near-duplicate
52,fixcode,fix:lg:dryer:takes-too-long,symptom,/fixcode/lg/dryer/takes-too-long,lg dryer takes too long: causes & checks,,,33,39,33,REVIEW_REQUIRED,known brand with existing provenance; actionable diagnostic; not a near-duplicate
52,fixcode,fix:samsung:washer:wont-start,symptom,/fixcode/samsung/washer/wont-start,samsung washer wont start: causes & checks,,,33,39,33,REVIEW_REQUIRED,known brand with existing provenance; actionable diagnostic; not a near-duplicate
52,fixcode,fix:samsung:dishwasher:overfilling,symptom,/fixcode/samsung/dishwasher/overfilling,samsung dishwasher overfilling: causes & checks,,,33,39,33,REVIEW_REQUIRED,known brand with existing provenance; actionable diagnostic; not a near-duplicate
52,fixcode,fix:samsung:dishwasher:leaking,symptom,/fixcode/samsung/dishwasher/leaking,samsung dishwasher leaking: causes & checks,,,33,39,33,REVIEW_REQUIRED,known brand with existing provenance; actionable diagnostic; not a near-duplicate
52,fixcode,fix:samsung:dishwasher:will-not-start,symptom,/fixcode/samsung/dishwasher/will-not-start,samsung dishwasher will not start: causes & checks,,,33,39,33,REVIEW_REQUIRED,known brand with existing provenance; actionable diagnostic; not a near-duplicate
52,fixcode,fix:samsung:dishwasher:not-heating,symptom,/fixcode/samsung/dishwasher/not-heating,samsung dishwasher not heating: causes & checks,,,33,39,33,REVIEW_REQUIRED,known brand with existing provenance; actionable diagnostic; not a near-duplicate
52,fixcode,fix:samsung:dishwasher:dishes-wet,symptom,/fixcode/samsung/dishwasher/dishes-wet,samsung dishwasher dishes wet: causes & checks,,,33,39,33,REVIEW_REQUIRED,known brand with existing provenance; actionable diagnostic; not a near-duplicate
52,fixcode,fix:samsung:dishwasher:wont-spin,symptom,/fixcode/samsung/dishwasher/wont-spin,samsung dishwasher wont spin: causes & checks,,,33,39,33,REVIEW_REQUIRED,known brand with existing provenance; actionable diagnostic; not a near-duplicate
52,fixcode,fix:samsung:dishwasher:dead-drum,symptom,/fixcode/samsung/dishwasher/dead-drum,samsung dishwasher dead drum: causes & checks,,,33,39,33,REVIEW_REQUIRED,known brand with existing provenance; actionable diagnostic; not a near-duplicate
52,fixcode,fix:samsung:dryer:door-wont-lock,symptom,/fixcode/samsung/dryer/door-wont-lock,samsung dryer door wont lock: causes & checks,,,33,39,33,REVIEW_REQUIRED,known brand with existing provenance; actionable diagnostic; not a near-duplicate
52,fixcode,fix:samsung:dryer:wont-spin,symptom,/fixcode/samsung/dryer/wont-spin,samsung dryer wont spin: causes & checks,,,33,39,33,REVIEW_REQUIRED,known brand with existing provenance; actionable diagnostic; not a near-duplicate
52,fixcode,fix:samsung:dryer:dead-drum,symptom,/fixcode/samsung/dryer/dead-drum,samsung dryer dead drum: causes & checks,,,33,39,33,REVIEW_REQUIRED,known brand with existing provenance; actionable diagnostic; not a near-duplicate
52,fixcode,fix:samsung:oven:not-heating,symptom,/fixcode/samsung/oven/not-heating,samsung oven not heating: causes & checks,,,33,39,33,REVIEW_REQUIRED,known brand with existing provenance; actionable diagnostic; not a near-duplicate
52,fixcode,fix:samsung:oven:door-wont-lock,symptom,/fixcode/samsung/oven/door-wont-lock,samsung oven door wont lock: causes & checks,,,33,39,33,REVIEW_REQUIRED,known brand with existing provenance; actionable diagnostic; not a near-duplicate
52,fixcode,fix:lg:washer:leaking,symptom,/fixcode/lg/washer/leaking,lg washer leaking: causes & checks,,,33,39,33,REVIEW_REQUIRED,known brand with existing provenance; actionable diagnostic; not a near-duplicate
52,fixcode,fix:lg:washer:wont-start,symptom,/fixcode/lg/washer/wont-start,lg washer wont start: causes & checks,,,33,39,33,REVIEW_REQUIRED,known brand with existing provenance; actionable diagnostic; not a near-duplicate
52,fixcode,fix:lg:washer:standing-water,symptom,/fixcode/lg/washer/standing-water,lg washer standing water: causes & checks,,,33,39,33,REVIEW_REQUIRED,known brand with existing provenance; actionable diagnostic; not a near-duplicate
52,fixcode,fix:lg:dishwasher:leaking,symptom,/fixcode/lg/dishwasher/leaking,lg dishwasher leaking: causes & checks,,,33,39,33,REVIEW_REQUIRED,known brand with existing provenance; actionable diagnostic; not a near-duplicate
52,fixcode,fix:lg:dishwasher:not-heating,symptom,/fixcode/lg/dishwasher/not-heating,lg dishwasher not heating: causes & checks,,,33,39,33,REVIEW_REQUIRED,known brand with existing provenance; actionable diagnostic; not a near-duplicate
52,fixcode,fix:lg:dishwasher:dishes-wet,symptom,/fixcode/lg/dishwasher/dishes-wet,lg dishwasher dishes wet: causes & checks,,,33,39,33,REVIEW_REQUIRED,known brand with existing provenance; actionable diagnostic; not a near-duplicate
52,fixcode,fix:lg:dishwasher:overfilling,symptom,/fixcode/lg/dishwasher/overfilling,lg dishwasher overfilling: causes & checks,,,33,39,33,REVIEW_REQUIRED,known brand with existing provenance; actionable diagnostic; not a near-duplicate
52,fixcode,fix:lg:dishwasher:wont-spin,symptom,/fixcode/lg/dishwasher/wont-spin,lg dishwasher wont spin: causes & checks,,,33,39,33,REVIEW_REQUIRED,known brand with existing provenance; actionable diagnostic; not a near-duplicate
52,fixcode,fix:lg:dishwasher:dead-drum,symptom,/fixcode/lg/dishwasher/dead-drum,lg dishwasher dead drum: causes & checks,,,33,39,33,REVIEW_REQUIRED,known brand with existing provenance; actionable diagnostic; not a near-duplicate
52,fixcode,fix:lg:dryer:door-wont-lock,symptom,/fixcode/lg/dryer/door-wont-lock,lg dryer door wont lock: causes & checks,,,33,39,33,REVIEW_REQUIRED,known brand with existing provenance; actionable diagnostic; not a near-duplicate
52,fixcode,fix:lg:fridge:not-cooling,symptom,/fixcode/lg/fridge/not-cooling,lg fridge not cooling: causes & checks,,,33,39,33,REVIEW_REQUIRED,known brand with existing provenance; actionable diagnostic; not a near-duplicate
52,fixcode,fix:hub:bosch,brand-hub,/fixcode/bosch,bosch appliance errors,,,100,54,100,GRAPH_ONLY,known brand with existing provenance; not a near-duplicate
52,fixcode,fix:hub:miele,brand-hub,/fixcode/miele,miele appliance errors,,,100,54,100,GRAPH_ONLY,known brand with existing provenance; not a near-duplicate
51,fixcode,fix:lg:washer:takes-too-long-to-fill,symptom,/fixcode/lg/washer/takes-too-long-to-fill,lg washer takes too long to fill: causes & checks,,,33,38,33,REVIEW_REQUIRED,known brand with existing provenance; actionable diagnostic; not a near-duplicate
47,fixcode,fix:hub:samsung:washer,appliance-hub,/fixcode/samsung/washer,samsung washer errors,,,47,49,47,GRAPH_ONLY,known brand with existing provenance; not a near-duplicate
47,fixcode,fix:hub:samsung:fridge,appliance-hub,/fixcode/samsung/fridge,samsung fridge errors,,,47,49,47,GRAPH_ONLY,known brand with existing provenance; not a near-duplicate
47,fixcode,fix:hub:samsung:dishwasher,appliance-hub,/fixcode/samsung/dishwasher,samsung dishwasher errors,,,47,49,47,GRAPH_ONLY,known brand with existing provenance; not a near-duplicate
47,fixcode,fix:hub:samsung:dryer,appliance-hub,/fixcode/samsung/dryer,samsung dryer errors,,,47,49,47,GRAPH_ONLY,known brand with existing provenance; not a near-duplicate
47,fixcode,fix:hub:samsung:oven,appliance-hub,/fixcode/samsung/oven,samsung oven errors,,,47,49,47,GRAPH_ONLY,known brand with existing provenance; not a near-duplicate
47,fixcode,fix:hub:lg:washer,appliance-hub,/fixcode/lg/washer,lg washer errors,,,47,49,47,GRAPH_ONLY,known brand with existing provenance; not a near-duplicate
47,fixcode,fix:hub:lg:dryer,appliance-hub,/fixcode/lg/dryer,lg dryer errors,,,47,49,47,GRAPH_ONLY,known brand with existing provenance; not a near-duplicate
47,fixcode,fix:hub:lg:dishwasher,appliance-hub,/fixcode/lg/dishwasher,lg dishwasher errors,,,47,49,47,GRAPH_ONLY,known brand with existing provenance; not a near-duplicate
46,autospec,veh:bmw:3-series:g20:320d-b47:oil,oil-type,/autospec/bmw/3-series/g20/320d-b47/oil,bmw 3-series g20 320d-b47 oil capacity,bmw 3-series g20 320d-b47 oil type,bmw 3-series g20 320d-b47 engine oil,47,68,47,REVIEW_REQUIRED,not a near-duplicate
46,autospec,veh:toyota:corolla:e210:1-8-hybrid:oil,oil-type,/autospec/toyota/corolla/e210/1-8-hybrid/oil,toyota corolla e210 1-8-hybrid oil capacity,toyota corolla e210 1-8-hybrid oil type,toyota corolla e210 1-8-hybrid engine oil,47,68,47,REVIEW_REQUIRED,not a near-duplicate
46,autospec,veh:honda:civic:11:1-5-vtec:oil,oil-type,/autospec/honda/civic/11/1-5-vtec/oil,honda civic 11 1-5-vtec oil capacity,honda civic 11 1-5-vtec oil type,honda civic 11 1-5-vtec engine oil,47,68,47,REVIEW_REQUIRED,not a near-duplicate
46,autospec,veh:mercedes:c-class:w206:c220d:oil,oil-type,/autospec/mercedes/c-class/w206/c220d/oil,mercedes c-class w206 c220d oil capacity,mercedes c-class w206 c220d oil type,mercedes c-class w206 c220d engine oil,47,68,47,REVIEW_REQUIRED,not a near-duplicate
46,autospec,veh:audi:a4:b9:2-0-tdi:oil,oil-type,/autospec/audi/a4/b9/2-0-tdi/oil,audi a4 b9 2-0-tdi oil capacity,audi a4 b9 2-0-tdi oil type,audi a4 b9 2-0-tdi engine oil,47,68,47,REVIEW_REQUIRED,not a near-duplicate
46,autospec,veh:hyundai:tucson:nx4:1-6-hybrid:oil,oil-type,/autospec/hyundai/tucson/nx4/1-6-hybrid/oil,hyundai tucson nx4 1-6-hybrid oil capacity,hyundai tucson nx4 1-6-hybrid oil type,hyundai tucson nx4 1-6-hybrid engine oil,47,68,47,REVIEW_REQUIRED,not a near-duplicate
46,autospec,veh:kia:sportage:nq5:1-6-hybrid:oil,oil-type,/autospec/kia/sportage/nq5/1-6-hybrid/oil,kia sportage nq5 1-6-hybrid oil capacity,kia sportage nq5 1-6-hybrid oil type,kia sportage nq5 1-6-hybrid engine oil,47,68,47,REVIEW_REQUIRED,not a near-duplicate
46,autospec,veh:volvo:xc60:t8:recharge:oil,oil-type,/autospec/volvo/xc60/spa/t8-recharge/oil,volvo xc60 t8 recharge oil capacity,volvo xc60 t8 recharge oil type,volvo xc60 t8 recharge engine oil,47,68,47,REVIEW_REQUIRED,not a near-duplicate
46,autospec,veh:toyota:rav4:xa50:hybrid:oil,oil-type,/autospec/toyota/rav4/xa50/2-5-hybrid/oil,toyota rav4 xa50 hybrid oil capacity,toyota rav4 xa50 hybrid oil type,toyota rav4 xa50 hybrid engine oil,47,68,47,REVIEW_REQUIRED,not a near-duplicate
46,autospec,veh:bmw:x5:g05:30d:oil,oil-type,/autospec/bmw/x5/g05/30d-b57/oil,bmw x5 g05 30d oil capacity,bmw x5 g05 30d oil type,bmw x5 g05 30d engine oil,47,68,47,REVIEW_REQUIRED,not a near-duplicate
46,autospec,veh:vw:polo:aw:1-0-tsi:oil,oil-type,/autospec/volkswagen/polo/aw/1-0-tsi/oil,vw polo aw 1-0-tsi oil capacity,vw polo aw 1-0-tsi oil type,vw polo aw 1-0-tsi engine oil,47,68,47,REVIEW_REQUIRED,not a near-duplicate
46,autospec,veh:honda:cr-v:rw:2-0-hybrid:oil,oil-type,/autospec/honda/cr-v/rw/2-0-hybrid/oil,honda cr-v rw 2-0-hybrid oil capacity,honda cr-v rw 2-0-hybrid oil type,honda cr-v rw 2-0-hybrid engine oil,47,68,47,REVIEW_REQUIRED,not a near-duplicate
46,wearthere,dest:paris:1,wear-month,/wearthere/paris/january/what-to-wear,what to wear in paris in january,paris january packing list,what clothes for paris january,47,68,47,GRAPH_ONLY,not a near-duplicate
46,wearthere,dest:paris:6,wear-month,/wearthere/paris/june/what-to-wear,what to wear in paris in june,paris june packing list,what clothes for paris june,47,68,47,GRAPH_ONLY,not a near-duplicate
46,wearthere,dest:tokyo:1,wear-month,/wearthere/tokyo/january/what-to-wear,what to wear in tokyo in january,tokyo january packing list,what clothes for tokyo january,47,68,47,GRAPH_ONLY,not a near-duplicate
46,wearthere,dest:tokyo:2,wear-month,/wearthere/tokyo/february/what-to-wear,what to wear in tokyo in february,tokyo february packing list,what clothes for tokyo february,47,68,47,GRAPH_ONLY,not a near-duplicate
46,wearthere,dest:tokyo:7,wear-month,/wearthere/tokyo/july/what-to-wear,what to wear in tokyo in july,tokyo july packing list,what clothes for tokyo july,47,68,47,GRAPH_ONLY,not a near-duplicate
46,wearthere,dest:tokyo:8,wear-month,/wearthere/tokyo/august/what-to-wear,what to wear in tokyo in august,tokyo august packing list,what clothes for tokyo august,47,68,47,GRAPH_ONLY,not a near-duplicate
46,wearthere,dest:new-york:1,wear-month,/wearthere/new-york/january/what-to-wear,what to wear in new york in january,new york january packing list,what clothes for new york january,47,68,47,GRAPH_ONLY,not a near-duplicate
46,wearthere,dest:new-york:2,wear-month,/wearthere/new-york/february/what-to-wear,what to wear in new york in february,new york february packing list,what clothes for new york february,47,68,47,GRAPH_ONLY,not a near-duplicate
46,wearthere,dest:new-york:7,wear-month,/wearthere/new-york/july/what-to-wear,what to wear in new york in july,new york july packing list,what clothes for new york july,47,68,47,GRAPH_ONLY,not a near-duplicate
46,wearthere,dest:new-york:8,wear-month,/wearthere/new-york/august/what-to-wear,what to wear in new york in august,new york august packing list,what clothes for new york august,47,68,47,GRAPH_ONLY,not a near-duplicate
46,wearthere,dest:london:3,wear-month,/wearthere/london/march/what-to-wear,what to wear in london in march,london march packing list,what clothes for london march,47,68,47,GRAPH_ONLY,not a near-duplicate
46,wearthere,dest:london:4,wear-month,/wearthere/london/april/what-to-wear,what to wear in london in april,london april packing list,what clothes for london april,47,68,47,GRAPH_ONLY,not a near-duplicate
46,wearthere,dest:london:6,wear-month,/wearthere/london/june/what-to-wear,what to wear in london in june,london june packing list,what clothes for london june,47,68,47,GRAPH_ONLY,not a near-duplicate
46,wearthere,dest:london:7,wear-month,/wearthere/london/july/what-to-wear,what to wear in london in july,london july packing list,what clothes for london july,47,68,47,GRAPH_ONLY,not a near-duplicate
46,wearthere,dest:london:8,wear-month,/wearthere/london/august/what-to-wear,what to wear in london in august,london august packing list,what clothes for london august,47,68,47,GRAPH_ONLY,not a near-duplicate
46,wearthere,dest:london:9,wear-month,/wearthere/london/september/what-to-wear,what to wear in london in september,london september packing list,what clothes for london september,47,68,47,GRAPH_ONLY,not a near-duplicate
46,wearthere,dest:barcelona:2,wear-month,/wearthere/barcelona/february/what-to-wear,what to wear in barcelona in february,barcelona february packing list,what clothes for barcelona february,47,68,47,GRAPH_ONLY,not a near-duplicate
46,wearthere,dest:barcelona:3,wear-month,/wearthere/barcelona/march/what-to-wear,what to wear in barcelona in march,barcelona march packing list,what clothes for barcelona march,47,68,47,GRAPH_ONLY,not a near-duplicate
46,wearthere,dest:barcelona:4,wear-month,/wearthere/barcelona/april/what-to-wear,what to wear in barcelona in april,barcelona april packing list,what clothes for barcelona april,47,68,47,GRAPH_ONLY,not a near-duplicate
46,wearthere,dest:barcelona:6,wear-month,/wearthere/barcelona/june/what-to-wear,what to wear in barcelona in june,barcelona june packing list,what clothes for barcelona june,47,68,47,GRAPH_ONLY,not a near-duplicate
46,wearthere,dest:barcelona:7,wear-month,/wearthere/barcelona/july/what-to-wear,what to wear in barcelona in july,barcelona july packing list,what clothes for barcelona july,47,68,47,GRAPH_ONLY,not a near-duplicate
46,wearthere,dest:barcelona:8,wear-month,/wearthere/barcelona/august/what-to-wear,what to wear in barcelona in august,barcelona august packing list,what clothes for barcelona august,47,68,47,GRAPH_ONLY,not a near-duplicate
46,wearthere,dest:reykjavik:1,wear-month,/wearthere/reykjavik/january/what-to-wear,what to wear in reykjavik in january,reykjavik january packing list,what clothes for reykjavik january,47,68,47,GRAPH_ONLY,not a near-duplicate
46,wearthere,dest:reykjavik:2,wear-month,/wearthere/reykjavik/february/what-to-wear,what to wear in reykjavik in february,reykjavik february packing list,what clothes for reykjavik february,47,68,47,GRAPH_ONLY,not a near-duplicate
46,wearthere,dest:reykjavik:3,wear-month,/wearthere/reykjavik/march/what-to-wear,what to wear in reykjavik in march,reykjavik march packing list,what clothes for reykjavik march,47,68,47,GRAPH_ONLY,not a near-duplicate
46,wearthere,dest:reykjavik:6,wear-month,/wearthere/reykjavik/june/what-to-wear,what to wear in reykjavik in june,reykjavik june packing list,what clothes for reykjavik june,47,68,47,GRAPH_ONLY,not a near-duplicate
46,wearthere,dest:reykjavik:7,wear-month,/wearthere/reykjavik/july/what-to-wear,what to wear in reykjavik in july,reykjavik july packing list,what clothes for reykjavik july,47,68,47,GRAPH_ONLY,not a near-duplicate
46,wearthere,dest:reykjavik:8,wear-month,/wearthere/reykjavik/august/what-to-wear,what to wear in reykjavik in august,reykjavik august packing list,what clothes for reykjavik august,47,68,47,GRAPH_ONLY,not a near-duplicate
46,wearthere,dest:reykjavik:9,wear-month,/wearthere/reykjavik/september/what-to-wear,what to wear in reykjavik in september,reykjavik september packing list,what clothes for reykjavik september,47,68,47,GRAPH_ONLY,not a near-duplicate
46,wearthere,dest:reykjavik:11,wear-month,/wearthere/reykjavik/november/what-to-wear,what to wear in reykjavik in november,reykjavik november packing list,what clothes for reykjavik november,47,68,47,GRAPH_ONLY,not a near-duplicate
46,wearthere,dest:reykjavik:12,wear-month,/wearthere/reykjavik/december/what-to-wear,what to wear in reykjavik in december,reykjavik december packing list,what clothes for reykjavik december,47,68,47,GRAPH_ONLY,not a near-duplicate
46,wearthere,dest:dubai:1,wear-month,/wearthere/dubai/january/what-to-wear,what to wear in dubai in january,dubai january packing list,what clothes for dubai january,47,68,47,GRAPH_ONLY,not a near-duplicate
46,wearthere,dest:dubai:2,wear-month,/wearthere/dubai/february/what-to-wear,what to wear in dubai in february,dubai february packing list,what clothes for dubai february,47,68,47,GRAPH_ONLY,not a near-duplicate
46,wearthere,dest:dubai:5,wear-month,/wearthere/dubai/may/what-to-wear,what to wear in dubai in may,dubai may packing list,what clothes for dubai may,47,68,47,GRAPH_ONLY,not a near-duplicate
46,wearthere,dest:dubai:6,wear-month,/wearthere/dubai/june/what-to-wear,what to wear in dubai in june,dubai june packing list,what clothes for dubai june,47,68,47,GRAPH_ONLY,not a near-duplicate
46,wearthere,dest:dubai:7,wear-month,/wearthere/dubai/july/what-to-wear,what to wear in dubai in july,dubai july packing list,what clothes for dubai july,47,68,47,GRAPH_ONLY,not a near-duplicate
46,wearthere,dest:dubai:8,wear-month,/wearthere/dubai/august/what-to-wear,what to wear in dubai in august,dubai august packing list,what clothes for dubai august,47,68,47,GRAPH_ONLY,not a near-duplicate
46,wearthere,dest:lisbon:1,wear-month,/wearthere/lisbon/january/what-to-wear,what to wear in lisbon in january,lisbon january packing list,what clothes for lisbon january,47,68,47,GRAPH_ONLY,not a near-duplicate
46,wearthere,dest:lisbon:2,wear-month,/wearthere/lisbon/february/what-to-wear,what to wear in lisbon in february,lisbon february packing list,what clothes for lisbon february,47,68,47,GRAPH_ONLY,not a near-duplicate
46,wearthere,dest:lisbon:3,wear-month,/wearthere/lisbon/march/what-to-wear,what to wear in lisbon in march,lisbon march packing list,what clothes for lisbon march,47,68,47,GRAPH_ONLY,not a near-duplicate
46,wearthere,dest:lisbon:4,wear-month,/wearthere/lisbon/april/what-to-wear,what to wear in lisbon in april,lisbon april packing list,what clothes for lisbon april,47,68,47,GRAPH_ONLY,not a near-duplicate
46,wearthere,dest:lisbon:5,wear-month,/wearthere/lisbon/may/what-to-wear,what to wear in lisbon in may,lisbon may packing list,what clothes for lisbon may,47,68,47,GRAPH_ONLY,not a near-duplicate
46,wearthere,dest:lisbon:6,wear-month,/wearthere/lisbon/june/what-to-wear,what to wear in lisbon in june,lisbon june packing list,what clothes for lisbon june,47,68,47,GRAPH_ONLY,not a near-duplicate
46,wearthere,dest:lisbon:11,wear-month,/wearthere/lisbon/november/what-to-wear,what to wear in lisbon in november,lisbon november packing list,what clothes for lisbon november,47,68,47,GRAPH_ONLY,not a near-duplicate
46,wearthere,dest:lisbon:12,wear-month,/wearthere/lisbon/december/what-to-wear,what to wear in lisbon in december,lisbon december packing list,what clothes for lisbon december,47,68,47,GRAPH_ONLY,not a near-duplicate
46,wearthere,dest:rome:1,wear-month,/wearthere/rome/january/what-to-wear,what to wear in rome in january,rome january packing list,what clothes for rome january,47,68,47,GRAPH_ONLY,not a near-duplicate
46,wearthere,dest:rome:2,wear-month,/wearthere/rome/february/what-to-wear,what to wear in rome in february,rome february packing list,what clothes for rome february,47,68,47,GRAPH_ONLY,not a near-duplicate
46,wearthere,dest:rome:3,wear-month,/wearthere/rome/march/what-to-wear,what to wear in rome in march,rome march packing list,what clothes for rome march,47,68,47,GRAPH_ONLY,not a near-duplicate
46,wearthere,dest:rome:7,wear-month,/wearthere/rome/july/what-to-wear,what to wear in rome in july,rome july packing list,what clothes for rome july,47,68,47,GRAPH_ONLY,not a near-duplicate
46,wearthere,dest:rome:8,wear-month,/wearthere/rome/august/what-to-wear,what to wear in rome in august,rome august packing list,what clothes for rome august,47,68,47,GRAPH_ONLY,not a near-duplicate
46,wearthere,dest:amsterdam:1,wear-month,/wearthere/amsterdam/january/what-to-wear,what to wear in amsterdam in january,amsterdam january packing list,what clothes for amsterdam january,47,68,47,GRAPH_ONLY,not a near-duplicate
46,wearthere,dest:amsterdam:2,wear-month,/wearthere/amsterdam/february/what-to-wear,what to wear in amsterdam in february,amsterdam february packing list,what clothes for amsterdam february,47,68,47,GRAPH_ONLY,not a near-duplicate
46,wearthere,dest:amsterdam:3,wear-month,/wearthere/amsterdam/march/what-to-wear,what to wear in amsterdam in march,amsterdam march packing list,what clothes for amsterdam march,47,68,47,GRAPH_ONLY,not a near-duplicate
46,wearthere,dest:amsterdam:5,wear-month,/wearthere/amsterdam/may/what-to-wear,what to wear in amsterdam in may,amsterdam may packing list,what clothes for amsterdam may,47,68,47,GRAPH_ONLY,not a near-duplicate
46,wearthere,dest:amsterdam:6,wear-month,/wearthere/amsterdam/june/what-to-wear,what to wear in amsterdam in june,amsterdam june packing list,what clothes for amsterdam june,47,68,47,GRAPH_ONLY,not a near-duplicate
46,wearthere,dest:amsterdam:7,wear-month,/wearthere/amsterdam/july/what-to-wear,what to wear in amsterdam in july,amsterdam july packing list,what clothes for amsterdam july,47,68,47,GRAPH_ONLY,not a near-duplicate
46,wearthere,dest:amsterdam:8,wear-month,/wearthere/amsterdam/august/what-to-wear,what to wear in amsterdam in august,amsterdam august packing list,what clothes for amsterdam august,47,68,47,GRAPH_ONLY,not a near-duplicate
46,wearthere,dest:amsterdam:9,wear-month,/wearthere/amsterdam/september/what-to-wear,what to wear in amsterdam in september,amsterdam september packing list,what clothes for amsterdam september,47,68,47,GRAPH_ONLY,not a near-duplicate
46,wearthere,dest:berlin:1,wear-month,/wearthere/berlin/january/what-to-wear,what to wear in berlin in january,berlin january packing list,what clothes for berlin january,47,68,47,GRAPH_ONLY,not a near-duplicate
46,wearthere,dest:berlin:2,wear-month,/wearthere/berlin/february/what-to-wear,what to wear in berlin in february,berlin february packing list,what clothes for berlin february,47,68,47,GRAPH_ONLY,not a near-duplicate
46,wearthere,dest:berlin:6,wear-month,/wearthere/berlin/june/what-to-wear,what to wear in berlin in june,berlin june packing list,what clothes for berlin june,47,68,47,GRAPH_ONLY,not a near-duplicate
46,wearthere,dest:berlin:7,wear-month,/wearthere/berlin/july/what-to-wear,what to wear in berlin in july,berlin july packing list,what clothes for berlin july,47,68,47,GRAPH_ONLY,not a near-duplicate
46,wearthere,dest:berlin:8,wear-month,/wearthere/berlin/august/what-to-wear,what to wear in berlin in august,berlin august packing list,what clothes for berlin august,47,68,47,GRAPH_ONLY,not a near-duplicate
46,wearthere,dest:madrid:1,wear-month,/wearthere/madrid/january/what-to-wear,what to wear in madrid in january,madrid january packing list,what clothes for madrid january,47,68,47,GRAPH_ONLY,not a near-duplicate
46,wearthere,dest:madrid:2,wear-month,/wearthere/madrid/february/what-to-wear,what to wear in madrid in february,madrid february packing list,what clothes for madrid february,47,68,47,GRAPH_ONLY,not a near-duplicate
46,wearthere,dest:madrid:3,wear-month,/wearthere/madrid/march/what-to-wear,what to wear in madrid in march,madrid march packing list,what clothes for madrid march,47,68,47,GRAPH_ONLY,not a near-duplicate
46,wearthere,dest:madrid:4,wear-month,/wearthere/madrid/april/what-to-wear,what to wear in madrid in april,madrid april packing list,what clothes for madrid april,47,68,47,GRAPH_ONLY,not a near-duplicate
46,wearthere,dest:madrid:7,wear-month,/wearthere/madrid/july/what-to-wear,what to wear in madrid in july,madrid july packing list,what clothes for madrid july,47,68,47,GRAPH_ONLY,not a near-duplicate
46,wearthere,dest:madrid:8,wear-month,/wearthere/madrid/august/what-to-wear,what to wear in madrid in august,madrid august packing list,what clothes for madrid august,47,68,47,GRAPH_ONLY,not a near-duplicate
46,wearthere,dest:madrid:11,wear-month,/wearthere/madrid/november/what-to-wear,what to wear in madrid in november,madrid november packing list,what clothes for madrid november,47,68,47,GRAPH_ONLY,not a near-duplicate
46,wearthere,dest:madrid:12,wear-month,/wearthere/madrid/december/what-to-wear,what to wear in madrid in december,madrid december packing list,what clothes for madrid december,47,68,47,GRAPH_ONLY,not a near-duplicate
46,wearthere,dest:seoul:7,wear-month,/wearthere/seoul/july/what-to-wear,what to wear in seoul in july,seoul july packing list,what clothes for seoul july,47,68,47,GRAPH_ONLY,not a near-duplicate
46,wearthere,dest:seoul:8,wear-month,/wearthere/seoul/august/what-to-wear,what to wear in seoul in august,seoul august packing list,what clothes for seoul august,47,68,47,GRAPH_ONLY,not a near-duplicate
46,wearthere,dest:singapore:8,wear-month,/wearthere/singapore/august/what-to-wear,what to wear in singapore in august,singapore august packing list,what clothes for singapore august,47,68,47,GRAPH_ONLY,not a near-duplicate
46,wearthere,dest:singapore:10,wear-month,/wearthere/singapore/october/what-to-wear,what to wear in singapore in october,singapore october packing list,what clothes for singapore october,47,68,47,GRAPH_ONLY,not a near-duplicate
46,wearthere,dest:singapore:11,wear-month,/wearthere/singapore/november/what-to-wear,what to wear in singapore in november,singapore november packing list,what clothes for singapore november,47,68,47,GRAPH_ONLY,not a near-duplicate
46,wearthere,dest:singapore:12,wear-month,/wearthere/singapore/december/what-to-wear,what to wear in singapore in december,singapore december packing list,what clothes for singapore december,47,68,47,GRAPH_ONLY,not a near-duplicate
46,wearthere,dest:sydney:1,wear-month,/wearthere/sydney/january/what-to-wear,what to wear in sydney in january,sydney january packing list,what clothes for sydney january,47,68,47,GRAPH_ONLY,not a near-duplicate
46,wearthere,dest:sydney:2,wear-month,/wearthere/sydney/february/what-to-wear,what to wear in sydney in february,sydney february packing list,what clothes for sydney february,47,68,47,GRAPH_ONLY,not a near-duplicate
46,wearthere,dest:sydney:3,wear-month,/wearthere/sydney/march/what-to-wear,what to wear in sydney in march,sydney march packing list,what clothes for sydney march,47,68,47,GRAPH_ONLY,not a near-duplicate
46,wearthere,dest:sydney:4,wear-month,/wearthere/sydney/april/what-to-wear,what to wear in sydney in april,sydney april packing list,what clothes for sydney april,47,68,47,GRAPH_ONLY,not a near-duplicate
46,wearthere,dest:sydney:6,wear-month,/wearthere/sydney/june/what-to-wear,what to wear in sydney in june,sydney june packing list,what clothes for sydney june,47,68,47,GRAPH_ONLY,not a near-duplicate
46,wearthere,dest:sydney:7,wear-month,/wearthere/sydney/july/what-to-wear,what to wear in sydney in july,sydney july packing list,what clothes for sydney july,47,68,47,GRAPH_ONLY,not a near-duplicate
46,wearthere,dest:sydney:8,wear-month,/wearthere/sydney/august/what-to-wear,what to wear in sydney in august,sydney august packing list,what clothes for sydney august,47,68,47,GRAPH_ONLY,not a near-duplicate
46,wearthere,dest:sydney:9,wear-month,/wearthere/sydney/september/what-to-wear,what to wear in sydney in september,sydney september packing list,what clothes for sydney september,47,68,47,GRAPH_ONLY,not a near-duplicate
46,wearthere,dest:sydney:10,wear-month,/wearthere/sydney/october/what-to-wear,what to wear in sydney in october,sydney october packing list,what clothes for sydney october,47,68,47,GRAPH_ONLY,not a near-duplicate
46,wearthere,dest:sydney:11,wear-month,/wearthere/sydney/november/what-to-wear,what to wear in sydney in november,sydney november packing list,what clothes for sydney november,47,68,47,GRAPH_ONLY,not a near-duplicate
46,wearthere,dest:sydney:12,wear-month,/wearthere/sydney/december/what-to-wear,what to wear in sydney in december,sydney december packing list,what clothes for sydney december,47,68,47,GRAPH_ONLY,not a near-duplicate
46,wearthere,dest:los-angeles:1,wear-month,/wearthere/los-angeles/january/what-to-wear,what to wear in los angeles in january,los angeles january packing list,what clothes for los angeles january,47,68,47,GRAPH_ONLY,not a near-duplicate
46,wearthere,dest:los-angeles:2,wear-month,/wearthere/los-angeles/february/what-to-wear,what to wear in los angeles in february,los angeles february packing list,what clothes for los angeles february,47,68,47,GRAPH_ONLY,not a near-duplicate
46,wearthere,dest:los-angeles:3,wear-month,/wearthere/los-angeles/march/what-to-wear,what to wear in los angeles in march,los angeles march packing list,what clothes for los angeles march,47,68,47,GRAPH_ONLY,not a near-duplicate
46,wearthere,dest:los-angeles:5,wear-month,/wearthere/los-angeles/may/what-to-wear,what to wear in los angeles in may,los angeles may packing list,what clothes for los angeles may,47,68,47,GRAPH_ONLY,not a near-duplicate
46,wearthere,dest:los-angeles:6,wear-month,/wearthere/los-angeles/june/what-to-wear,what to wear in los angeles in june,los angeles june packing list,what clothes for los angeles june,47,68,47,GRAPH_ONLY,not a near-duplicate
46,wearthere,dest:los-angeles:9,wear-month,/wearthere/los-angeles/september/what-to-wear,what to wear in los angeles in september,los angeles september packing list,what clothes for los angeles september,47,68,47,GRAPH_ONLY,not a near-duplicate
46,wearthere,dest:los-angeles:10,wear-month,/wearthere/los-angeles/october/what-to-wear,what to wear in los angeles in october,los angeles october packing list,what clothes for los angeles october,47,68,47,GRAPH_ONLY,not a near-duplicate
46,wearthere,dest:chicago:1,wear-month,/wearthere/chicago/january/what-to-wear,what to wear in chicago in january,chicago january packing list,what clothes for chicago january,47,68,47,GRAPH_ONLY,not a near-duplicate
46,wearthere,dest:chicago:2,wear-month,/wearthere/chicago/february/what-to-wear,what to wear in chicago in february,chicago february packing list,what clothes for chicago february,47,68,47,GRAPH_ONLY,not a near-duplicate
46,wearthere,dest:chicago:6,wear-month,/wearthere/chicago/june/what-to-wear,what to wear in chicago in june,chicago june packing list,what clothes for chicago june,47,68,47,GRAPH_ONLY,not a near-duplicate
46,wearthere,dest:chicago:7,wear-month,/wearthere/chicago/july/what-to-wear,what to wear in chicago in july,chicago july packing list,what clothes for chicago july,47,68,47,GRAPH_ONLY,not a near-duplicate
46,wearthere,dest:chicago:8,wear-month,/wearthere/chicago/august/what-to-wear,what to wear in chicago in august,chicago august packing list,what clothes for chicago august,47,68,47,GRAPH_ONLY,not a near-duplicate
46,wearthere,dest:toronto:1,wear-month,/wearthere/toronto/january/what-to-wear,what to wear in toronto in january,toronto january packing list,what clothes for toronto january,47,68,47,GRAPH_ONLY,not a near-duplicate
46,wearthere,dest:toronto:2,wear-month,/wearthere/toronto/february/what-to-wear,what to wear in toronto in february,toronto february packing list,what clothes for toronto february,47,68,47,GRAPH_ONLY,not a near-duplicate
46,wearthere,dest:toronto:7,wear-month,/wearthere/toronto/july/what-to-wear,what to wear in toronto in july,toronto july packing list,what clothes for toronto july,47,68,47,GRAPH_ONLY,not a near-duplicate
46,wearthere,dest:toronto:8,wear-month,/wearthere/toronto/august/what-to-wear,what to wear in toronto in august,toronto august packing list,what clothes for toronto august,47,68,47,GRAPH_ONLY,not a near-duplicate
46,wearthere,dest:dublin:2,wear-month,/wearthere/dublin/february/what-to-wear,what to wear in dublin in february,dublin february packing list,what clothes for dublin february,47,68,47,GRAPH_ONLY,not a near-duplicate
46,wearthere,dest:dublin:3,wear-month,/wearthere/dublin/march/what-to-wear,what to wear in dublin in march,dublin march packing list,what clothes for dublin march,47,68,47,GRAPH_ONLY,not a near-duplicate
46,wearthere,dest:dublin:4,wear-month,/wearthere/dublin/april/what-to-wear,what to wear in dublin in april,dublin april packing list,what clothes for dublin april,47,68,47,GRAPH_ONLY,not a near-duplicate
46,wearthere,dest:dublin:5,wear-month,/wearthere/dublin/may/what-to-wear,what to wear in dublin in may,dublin may packing list,what clothes for dublin may,47,68,47,GRAPH_ONLY,not a near-duplicate
46,wearthere,dest:dublin:6,wear-month,/wearthere/dublin/june/what-to-wear,what to wear in dublin in june,dublin june packing list,what clothes for dublin june,47,68,47,GRAPH_ONLY,not a near-duplicate
46,wearthere,dest:dublin:7,wear-month,/wearthere/dublin/july/what-to-wear,what to wear in dublin in july,dublin july packing list,what clothes for dublin july,47,68,47,GRAPH_ONLY,not a near-duplicate
46,wearthere,dest:dublin:9,wear-month,/wearthere/dublin/september/what-to-wear,what to wear in dublin in september,dublin september packing list,what clothes for dublin september,47,68,47,GRAPH_ONLY,not a near-duplicate
46,wearthere,dest:dublin:10,wear-month,/wearthere/dublin/october/what-to-wear,what to wear in dublin in october,dublin october packing list,what clothes for dublin october,47,68,47,GRAPH_ONLY,not a near-duplicate
46,wearthere,dest:dublin:11,wear-month,/wearthere/dublin/november/what-to-wear,what to wear in dublin in november,dublin november packing list,what clothes for dublin november,47,68,47,GRAPH_ONLY,not a near-duplicate
46,wearthere,dest:copenhagen:1,wear-month,/wearthere/copenhagen/january/what-to-wear,what to wear in copenhagen in january,copenhagen january packing list,what clothes for copenhagen january,47,68,47,GRAPH_ONLY,not a near-duplicate
46,wearthere,dest:copenhagen:2,wear-month,/wearthere/copenhagen/february/what-to-wear,what to wear in copenhagen in february,copenhagen february packing list,what clothes for copenhagen february,47,68,47,GRAPH_ONLY,not a near-duplicate
46,wearthere,dest:copenhagen:3,wear-month,/wearthere/copenhagen/march/what-to-wear,what to wear in copenhagen in march,copenhagen march packing list,what clothes for copenhagen march,47,68,47,GRAPH_ONLY,not a near-duplicate
46,wearthere,dest:copenhagen:6,wear-month,/wearthere/copenhagen/june/what-to-wear,what to wear in copenhagen in june,copenhagen june packing list,what clothes for copenhagen june,47,68,47,GRAPH_ONLY,not a near-duplicate
46,wearthere,dest:copenhagen:7,wear-month,/wearthere/copenhagen/july/what-to-wear,what to wear in copenhagen in july,copenhagen july packing list,what clothes for copenhagen july,47,68,47,GRAPH_ONLY,not a near-duplicate
46,wearthere,dest:copenhagen:8,wear-month,/wearthere/copenhagen/august/what-to-wear,what to wear in copenhagen in august,copenhagen august packing list,what clothes for copenhagen august,47,68,47,GRAPH_ONLY,not a near-duplicate
46,wearthere,dest:vienna:1,wear-month,/wearthere/vienna/january/what-to-wear,what to wear in vienna in january,vienna january packing list,what clothes for vienna january,47,68,47,GRAPH_ONLY,not a near-duplicate
46,wearthere,dest:vienna:2,wear-month,/wearthere/vienna/february/what-to-wear,what to wear in vienna in february,vienna february packing list,what clothes for vienna february,47,68,47,GRAPH_ONLY,not a near-duplicate
46,wearthere,dest:vienna:6,wear-month,/wearthere/vienna/june/what-to-wear,what to wear in vienna in june,vienna june packing list,what clothes for vienna june,47,68,47,GRAPH_ONLY,not a near-duplicate
46,wearthere,dest:vienna:7,wear-month,/wearthere/vienna/july/what-to-wear,what to wear in vienna in july,vienna july packing list,what clothes for vienna july,47,68,47,GRAPH_ONLY,not a near-duplicate
46,wearthere,dest:vienna:8,wear-month,/wearthere/vienna/august/what-to-wear,what to wear in vienna in august,vienna august packing list,what clothes for vienna august,47,68,47,GRAPH_ONLY,not a near-duplicate
46,wearthere,dest:prague:1,wear-month,/wearthere/prague/january/what-to-wear,what to wear in prague in january,prague january packing list,what clothes for prague january,47,68,47,GRAPH_ONLY,not a near-duplicate
46,wearthere,dest:prague:2,wear-month,/wearthere/prague/february/what-to-wear,what to wear in prague in february,prague february packing list,what clothes for prague february,47,68,47,GRAPH_ONLY,not a near-duplicate
46,wearthere,dest:prague:6,wear-month,/wearthere/prague/june/what-to-wear,what to wear in prague in june,prague june packing list,what clothes for prague june,47,68,47,GRAPH_ONLY,not a near-duplicate
46,wearthere,dest:prague:7,wear-month,/wearthere/prague/july/what-to-wear,what to wear in prague in july,prague july packing list,what clothes for prague july,47,68,47,GRAPH_ONLY,not a near-duplicate
46,wearthere,dest:prague:8,wear-month,/wearthere/prague/august/what-to-wear,what to wear in prague in august,prague august packing list,what clothes for prague august,47,68,47,GRAPH_ONLY,not a near-duplicate
46,wearthere,dest:bangkok:1,wear-month,/wearthere/bangkok/january/what-to-wear,what to wear in bangkok in january,bangkok january packing list,what clothes for bangkok january,47,68,47,GRAPH_ONLY,not a near-duplicate
46,wearthere,dest:bangkok:2,wear-month,/wearthere/bangkok/february/what-to-wear,what to wear in bangkok in february,bangkok february packing list,what clothes for bangkok february,47,68,47,GRAPH_ONLY,not a near-duplicate
46,wearthere,dest:bangkok:3,wear-month,/wearthere/bangkok/march/what-to-wear,what to wear in bangkok in march,bangkok march packing list,what clothes for bangkok march,47,68,47,GRAPH_ONLY,not a near-duplicate
46,wearthere,dest:bangkok:4,wear-month,/wearthere/bangkok/april/what-to-wear,what to wear in bangkok in april,bangkok april packing list,what clothes for bangkok april,47,68,47,GRAPH_ONLY,not a near-duplicate
46,wearthere,dest:bangkok:5,wear-month,/wearthere/bangkok/may/what-to-wear,what to wear in bangkok in may,bangkok may packing list,what clothes for bangkok may,47,68,47,GRAPH_ONLY,not a near-duplicate
46,wearthere,dest:bangkok:6,wear-month,/wearthere/bangkok/june/what-to-wear,what to wear in bangkok in june,bangkok june packing list,what clothes for bangkok june,47,68,47,GRAPH_ONLY,not a near-duplicate
46,wearthere,dest:bangkok:7,wear-month,/wearthere/bangkok/july/what-to-wear,what to wear in bangkok in july,bangkok july packing list,what clothes for bangkok july,47,68,47,GRAPH_ONLY,not a near-duplicate
46,wearthere,dest:bangkok:8,wear-month,/wearthere/bangkok/august/what-to-wear,what to wear in bangkok in august,bangkok august packing list,what clothes for bangkok august,47,68,47,GRAPH_ONLY,not a near-duplicate
46,wearthere,dest:bangkok:9,wear-month,/wearthere/bangkok/september/what-to-wear,what to wear in bangkok in september,bangkok september packing list,what clothes for bangkok september,47,68,47,GRAPH_ONLY,not a near-duplicate
46,wearthere,dest:bangkok:10,wear-month,/wearthere/bangkok/october/what-to-wear,what to wear in bangkok in october,bangkok october packing list,what clothes for bangkok october,47,68,47,GRAPH_ONLY,not a near-duplicate
46,wearthere,dest:marrakech:1,wear-month,/wearthere/marrakech/january/what-to-wear,what to wear in marrakech in january,marrakech january packing list,what clothes for marrakech january,47,68,47,GRAPH_ONLY,not a near-duplicate
46,wearthere,dest:marrakech:2,wear-month,/wearthere/marrakech/february/what-to-wear,what to wear in marrakech in february,marrakech february packing list,what clothes for marrakech february,47,68,47,GRAPH_ONLY,not a near-duplicate
46,wearthere,dest:marrakech:3,wear-month,/wearthere/marrakech/march/what-to-wear,what to wear in marrakech in march,marrakech march packing list,what clothes for marrakech march,47,68,47,GRAPH_ONLY,not a near-duplicate
46,wearthere,dest:marrakech:4,wear-month,/wearthere/marrakech/april/what-to-wear,what to wear in marrakech in april,marrakech april packing list,what clothes for marrakech april,47,68,47,GRAPH_ONLY,not a near-duplicate
46,wearthere,dest:istanbul:1,wear-month,/wearthere/istanbul/january/what-to-wear,what to wear in istanbul in january,istanbul january packing list,what clothes for istanbul january,47,68,47,GRAPH_ONLY,not a near-duplicate
46,wearthere,dest:istanbul:2,wear-month,/wearthere/istanbul/february/what-to-wear,what to wear in istanbul in february,istanbul february packing list,what clothes for istanbul february,47,68,47,GRAPH_ONLY,not a near-duplicate
46,wearthere,dest:istanbul:3,wear-month,/wearthere/istanbul/march/what-to-wear,what to wear in istanbul in march,istanbul march packing list,what clothes for istanbul march,47,68,47,GRAPH_ONLY,not a near-duplicate
46,wearthere,dest:istanbul:6,wear-month,/wearthere/istanbul/june/what-to-wear,what to wear in istanbul in june,istanbul june packing list,what clothes for istanbul june,47,68,47,GRAPH_ONLY,not a near-duplicate
46,wearthere,dest:istanbul:7,wear-month,/wearthere/istanbul/july/what-to-wear,what to wear in istanbul in july,istanbul july packing list,what clothes for istanbul july,47,68,47,GRAPH_ONLY,not a near-duplicate
46,wearthere,dest:istanbul:8,wear-month,/wearthere/istanbul/august/what-to-wear,what to wear in istanbul in august,istanbul august packing list,what clothes for istanbul august,47,68,47,GRAPH_ONLY,not a near-duplicate
46,wearthere,dest:hong-kong:1,wear-month,/wearthere/hong-kong/january/what-to-wear,what to wear in hong kong in january,hong kong january packing list,what clothes for hong kong january,47,68,47,GRAPH_ONLY,not a near-duplicate
46,wearthere,dest:hong-kong:2,wear-month,/wearthere/hong-kong/february/what-to-wear,what to wear in hong kong in february,hong kong february packing list,what clothes for hong kong february,47,68,47,GRAPH_ONLY,not a near-duplicate
46,wearthere,dest:hong-kong:3,wear-month,/wearthere/hong-kong/march/what-to-wear,what to wear in hong kong in march,hong kong march packing list,what clothes for hong kong march,47,68,47,GRAPH_ONLY,not a near-duplicate
46,wearthere,dest:hong-kong:6,wear-month,/wearthere/hong-kong/june/what-to-wear,what to wear in hong kong in june,hong kong june packing list,what clothes for hong kong june,47,68,47,GRAPH_ONLY,not a near-duplicate
46,wearthere,dest:hong-kong:7,wear-month,/wearthere/hong-kong/july/what-to-wear,what to wear in hong kong in july,hong kong july packing list,what clothes for hong kong july,47,68,47,GRAPH_ONLY,not a near-duplicate
46,wearthere,dest:hong-kong:8,wear-month,/wearthere/hong-kong/august/what-to-wear,what to wear in hong kong in august,hong kong august packing list,what clothes for hong kong august,47,68,47,GRAPH_ONLY,not a near-duplicate
46,wearthere,dest:hong-kong:10,wear-month,/wearthere/hong-kong/october/what-to-wear,what to wear in hong kong in october,hong kong october packing list,what clothes for hong kong october,47,68,47,GRAPH_ONLY,not a near-duplicate
46,wearthere,dest:miami:1,wear-month,/wearthere/miami/january/what-to-wear,what to wear in miami in january,miami january packing list,what clothes for miami january,47,68,47,GRAPH_ONLY,not a near-duplicate
46,wearthere,dest:miami:2,wear-month,/wearthere/miami/february/what-to-wear,what to wear in miami in february,miami february packing list,what clothes for miami february,47,68,47,GRAPH_ONLY,not a near-duplicate
46,wearthere,dest:miami:3,wear-month,/wearthere/miami/march/what-to-wear,what to wear in miami in march,miami march packing list,what clothes for miami march,47,68,47,GRAPH_ONLY,not a near-duplicate
46,wearthere,dest:miami:4,wear-month,/wearthere/miami/april/what-to-wear,what to wear in miami in april,miami april packing list,what clothes for miami april,47,68,47,GRAPH_ONLY,not a near-duplicate
46,wearthere,dest:miami:6,wear-month,/wearthere/miami/june/what-to-wear,what to wear in miami in june,miami june packing list,what clothes for miami june,47,68,47,GRAPH_ONLY,not a near-duplicate
46,wearthere,dest:miami:7,wear-month,/wearthere/miami/july/what-to-wear,what to wear in miami in july,miami july packing list,what clothes for miami july,47,68,47,GRAPH_ONLY,not a near-duplicate
46,wearthere,dest:miami:8,wear-month,/wearthere/miami/august/what-to-wear,what to wear in miami in august,miami august packing list,what clothes for miami august,47,68,47,GRAPH_ONLY,not a near-duplicate
46,wearthere,dest:miami:9,wear-month,/wearthere/miami/september/what-to-wear,what to wear in miami in september,miami september packing list,what clothes for miami september,47,68,47,GRAPH_ONLY,not a near-duplicate
46,wearthere,dest:miami:11,wear-month,/wearthere/miami/november/what-to-wear,what to wear in miami in november,miami november packing list,what clothes for miami november,47,68,47,GRAPH_ONLY,not a near-duplicate
46,wearthere,dest:miami:12,wear-month,/wearthere/miami/december/what-to-wear,what to wear in miami in december,miami december packing list,what clothes for miami december,47,68,47,GRAPH_ONLY,not a near-duplicate
46,wearthere,dest:osaka:1,wear-month,/wearthere/osaka/january/what-to-wear,what to wear in osaka in january,osaka january packing list,what clothes for osaka january,47,68,47,GRAPH_ONLY,not a near-duplicate
46,wearthere,dest:osaka:2,wear-month,/wearthere/osaka/february/what-to-wear,what to wear in osaka in february,osaka february packing list,what clothes for osaka february,47,68,47,GRAPH_ONLY,not a near-duplicate
46,wearthere,dest:osaka:7,wear-month,/wearthere/osaka/july/what-to-wear,what to wear in osaka in july,osaka july packing list,what clothes for osaka july,47,68,47,GRAPH_ONLY,not a near-duplicate
46,wearthere,dest:osaka:8,wear-month,/wearthere/osaka/august/what-to-wear,what to wear in osaka in august,osaka august packing list,what clothes for osaka august,47,68,47,GRAPH_ONLY,not a near-duplicate
46,wearthere,dest:vancouver:2,wear-month,/wearthere/vancouver/february/what-to-wear,what to wear in vancouver in february,vancouver february packing list,what clothes for vancouver february,47,68,47,GRAPH_ONLY,not a near-duplicate
46,wearthere,dest:vancouver:3,wear-month,/wearthere/vancouver/march/what-to-wear,what to wear in vancouver in march,vancouver march packing list,what clothes for vancouver march,47,68,47,GRAPH_ONLY,not a near-duplicate
46,wearthere,dest:vancouver:4,wear-month,/wearthere/vancouver/april/what-to-wear,what to wear in vancouver in april,vancouver april packing list,what clothes for vancouver april,47,68,47,GRAPH_ONLY,not a near-duplicate
46,wearthere,dest:vancouver:6,wear-month,/wearthere/vancouver/june/what-to-wear,what to wear in vancouver in june,vancouver june packing list,what clothes for vancouver june,47,68,47,GRAPH_ONLY,not a near-duplicate
46,wearthere,dest:vancouver:7,wear-month,/wearthere/vancouver/july/what-to-wear,what to wear in vancouver in july,vancouver july packing list,what clothes for vancouver july,47,68,47,GRAPH_ONLY,not a near-duplicate
46,wearthere,dest:vancouver:8,wear-month,/wearthere/vancouver/august/what-to-wear,what to wear in vancouver in august,vancouver august packing list,what clothes for vancouver august,47,68,47,GRAPH_ONLY,not a near-duplicate
46,wearthere,dest:edinburgh:2,wear-month,/wearthere/edinburgh/february/what-to-wear,what to wear in edinburgh in february,edinburgh february packing list,what clothes for edinburgh february,47,68,47,GRAPH_ONLY,not a near-duplicate
46,wearthere,dest:edinburgh:3,wear-month,/wearthere/edinburgh/march/what-to-wear,what to wear in edinburgh in march,edinburgh march packing list,what clothes for edinburgh march,47,68,47,GRAPH_ONLY,not a near-duplicate
46,wearthere,dest:edinburgh:4,wear-month,/wearthere/edinburgh/april/what-to-wear,what to wear in edinburgh in april,edinburgh april packing list,what clothes for edinburgh april,47,68,47,GRAPH_ONLY,not a near-duplicate
46,wearthere,dest:edinburgh:5,wear-month,/wearthere/edinburgh/may/what-to-wear,what to wear in edinburgh in may,edinburgh may packing list,what clothes for edinburgh may,47,68,47,GRAPH_ONLY,not a near-duplicate
46,wearthere,dest:edinburgh:6,wear-month,/wearthere/edinburgh/june/what-to-wear,what to wear in edinburgh in june,edinburgh june packing list,what clothes for edinburgh june,47,68,47,GRAPH_ONLY,not a near-duplicate
46,wearthere,dest:edinburgh:9,wear-month,/wearthere/edinburgh/september/what-to-wear,what to wear in edinburgh in september,edinburgh september packing list,what clothes for edinburgh september,47,68,47,GRAPH_ONLY,not a near-duplicate
46,wearthere,dest:edinburgh:11,wear-month,/wearthere/edinburgh/november/what-to-wear,what to wear in edinburgh in november,edinburgh november packing list,what clothes for edinburgh november,47,68,47,GRAPH_ONLY,not a near-duplicate
46,wearthere,dest:florence:1,wear-month,/wearthere/florence/january/what-to-wear,what to wear in florence in january,florence january packing list,what clothes for florence january,47,68,47,GRAPH_ONLY,not a near-duplicate
46,wearthere,dest:florence:2,wear-month,/wearthere/florence/february/what-to-wear,what to wear in florence in february,florence february packing list,what clothes for florence february,47,68,47,GRAPH_ONLY,not a near-duplicate
46,wearthere,dest:florence:3,wear-month,/wearthere/florence/march/what-to-wear,what to wear in florence in march,florence march packing list,what clothes for florence march,47,68,47,GRAPH_ONLY,not a near-duplicate
46,wearthere,dest:florence:6,wear-month,/wearthere/florence/june/what-to-wear,what to wear in florence in june,florence june packing list,what clothes for florence june,47,68,47,GRAPH_ONLY,not a near-duplicate
46,wearthere,dest:florence:7,wear-month,/wearthere/florence/july/what-to-wear,what to wear in florence in july,florence july packing list,what clothes for florence july,47,68,47,GRAPH_ONLY,not a near-duplicate
46,wearthere,dest:florence:8,wear-month,/wearthere/florence/august/what-to-wear,what to wear in florence in august,florence august packing list,what clothes for florence august,47,68,47,GRAPH_ONLY,not a near-duplicate
46,wearthere,dest:cape-town:1,wear-month,/wearthere/cape-town/january/what-to-wear,what to wear in cape town in january,cape town january packing list,what clothes for cape town january,47,68,47,GRAPH_ONLY,not a near-duplicate
46,wearthere,dest:cape-town:2,wear-month,/wearthere/cape-town/february/what-to-wear,what to wear in cape town in february,cape town february packing list,what clothes for cape town february,47,68,47,GRAPH_ONLY,not a near-duplicate
46,wearthere,dest:cape-town:3,wear-month,/wearthere/cape-town/march/what-to-wear,what to wear in cape town in march,cape town march packing list,what clothes for cape town march,47,68,47,GRAPH_ONLY,not a near-duplicate
46,wearthere,dest:cape-town:4,wear-month,/wearthere/cape-town/april/what-to-wear,what to wear in cape town in april,cape town april packing list,what clothes for cape town april,47,68,47,GRAPH_ONLY,not a near-duplicate
46,wearthere,dest:cape-town:5,wear-month,/wearthere/cape-town/may/what-to-wear,what to wear in cape town in may,cape town may packing list,what clothes for cape town may,47,68,47,GRAPH_ONLY,not a near-duplicate
46,wearthere,dest:cape-town:7,wear-month,/wearthere/cape-town/july/what-to-wear,what to wear in cape town in july,cape town july packing list,what clothes for cape town july,47,68,47,GRAPH_ONLY,not a near-duplicate
46,wearthere,dest:cape-town:9,wear-month,/wearthere/cape-town/september/what-to-wear,what to wear in cape town in september,cape town september packing list,what clothes for cape town september,47,68,47,GRAPH_ONLY,not a near-duplicate
46,wearthere,dest:cape-town:10,wear-month,/wearthere/cape-town/october/what-to-wear,what to wear in cape town in october,cape town october packing list,what clothes for cape town october,47,68,47,GRAPH_ONLY,not a near-duplicate
46,wearthere,dest:cape-town:11,wear-month,/wearthere/cape-town/november/what-to-wear,what to wear in cape town in november,cape town november packing list,what clothes for cape town november,47,68,47,GRAPH_ONLY,not a near-duplicate
46,wearthere,dest:cape-town:12,wear-month,/wearthere/cape-town/december/what-to-wear,what to wear in cape town in december,cape town december packing list,what clothes for cape town december,47,68,47,GRAPH_ONLY,not a near-duplicate
45,autospec,veh:vw:golf:mk8:2-0-tdi:oil,oil-type,/autospec/volkswagen/golf/mk8/2-0-tdi/oil,vw golf mk8 2-0-tdi oil capacity,vw golf mk8 2-0-tdi oil type,vw golf mk8 2-0-tdi engine oil,33,67,33,REVIEW_REQUIRED,not a near-duplicate
45,autospec,veh:peugeot:208:p21:1-2-puretech:oil,oil-type,/autospec/peugeot/208/p21/1-2-puretech/oil,peugeot 208 p21 1-2-puretech oil capacity,peugeot 208 p21 1-2-puretech oil type,peugeot 208 p21 1-2-puretech engine oil,33,67,33,REVIEW_REQUIRED,not a near-duplicate
45,autospec,veh:renault:clio:v:1-0-tce:oil,oil-type,/autospec/renault/clio/5/1-0-tce/oil,renault clio v 1-0-tce oil capacity,renault clio v 1-0-tce oil type,renault clio v 1-0-tce engine oil,33,67,33,REVIEW_REQUIRED,not a near-duplicate
45,autospec,veh:ford:focus:mk4:1-0-ecoboost:oil,oil-type,/autospec/ford/focus/mk4/1-0-ecoboost/oil,ford focus mk4 1-0-ecoboost oil capacity,ford focus mk4 1-0-ecoboost oil type,ford focus mk4 1-0-ecoboost engine oil,33,67,33,REVIEW_REQUIRED,not a near-duplicate
45,autospec,veh:peugeot:308:t9:1-2-puretech:oil,oil-type,/autospec/peugeot/308/t9/1-2-puretech/oil,peugeot 308 t9 1-2-puretech oil capacity,peugeot 308 t9 1-2-puretech oil type,peugeot 308 t9 1-2-puretech engine oil,33,67,33,REVIEW_REQUIRED,not a near-duplicate
45,autospec,veh:nissan:qashqai:j12:1-3-digt:oil,oil-type,/autospec/nissan/qashqai/j12/1-3-digt/oil,nissan qashqai j12 1-3-digt oil capacity,nissan qashqai j12 1-3-digt oil type,nissan qashqai j12 1-3-digt engine oil,33,67,33,REVIEW_REQUIRED,not a near-duplicate
44,fixcode,fix:hub:samsung,brand-hub,/fixcode/samsung,samsung appliance errors,,,47,46,47,GRAPH_ONLY,known brand with existing provenance; not a near-duplicate
44,fixcode,fix:hub:lg,brand-hub,/fixcode/lg,lg appliance errors,,,47,46,47,GRAPH_ONLY,known brand with existing provenance; not a near-duplicate
42,fixcode,fix:hub:lg:fridge,appliance-hub,/fixcode/lg/fridge,lg fridge errors,,,47,44,47,GRAPH_ONLY,known brand with existing provenance; not a near-duplicate
38,wearthere,dest:paris:2,wear-month,/wearthere/paris/february/what-to-wear,what to wear in paris in february,paris february packing list,what clothes for paris february,47,68,47,GRAPH_ONLY,GRAPH_ONLY
38,wearthere,dest:paris:7,wear-month,/wearthere/paris/july/what-to-wear,what to wear in paris in july,paris july packing list,what clothes for paris july,47,68,47,GRAPH_ONLY,GRAPH_ONLY
38,wearthere,dest:paris:8,wear-month,/wearthere/paris/august/what-to-wear,what to wear in paris in august,paris august packing list,what clothes for paris august,47,68,47,GRAPH_ONLY,GRAPH_ONLY
38,wearthere,dest:london:1,wear-month,/wearthere/london/january/what-to-wear,what to wear in london in january,london january packing list,what clothes for london january,47,68,47,GRAPH_ONLY,GRAPH_ONLY
38,wearthere,dest:london:2,wear-month,/wearthere/london/february/what-to-wear,what to wear in london in february,london february packing list,what clothes for london february,47,68,47,GRAPH_ONLY,GRAPH_ONLY
38,wearthere,dest:barcelona:1,wear-month,/wearthere/barcelona/january/what-to-wear,what to wear in barcelona in january,barcelona january packing list,what clothes for barcelona january,47,68,47,GRAPH_ONLY,GRAPH_ONLY
38,wearthere,dest:lisbon:7,wear-month,/wearthere/lisbon/july/what-to-wear,what to wear in lisbon in july,lisbon july packing list,what clothes for lisbon july,47,68,47,GRAPH_ONLY,GRAPH_ONLY
38,wearthere,dest:lisbon:8,wear-month,/wearthere/lisbon/august/what-to-wear,what to wear in lisbon in august,lisbon august packing list,what clothes for lisbon august,47,68,47,GRAPH_ONLY,GRAPH_ONLY
38,wearthere,dest:singapore:3,wear-month,/wearthere/singapore/march/what-to-wear,what to wear in singapore in march,singapore march packing list,what clothes for singapore march,47,68,47,GRAPH_ONLY,GRAPH_ONLY
38,wearthere,dest:singapore:4,wear-month,/wearthere/singapore/april/what-to-wear,what to wear in singapore in april,singapore april packing list,what clothes for singapore april,47,68,47,GRAPH_ONLY,GRAPH_ONLY
38,wearthere,dest:singapore:5,wear-month,/wearthere/singapore/may/what-to-wear,what to wear in singapore in may,singapore may packing list,what clothes for singapore may,47,68,47,GRAPH_ONLY,GRAPH_ONLY
38,wearthere,dest:singapore:6,wear-month,/wearthere/singapore/june/what-to-wear,what to wear in singapore in june,singapore june packing list,what clothes for singapore june,47,68,47,GRAPH_ONLY,GRAPH_ONLY
38,wearthere,dest:singapore:7,wear-month,/wearthere/singapore/july/what-to-wear,what to wear in singapore in july,singapore july packing list,what clothes for singapore july,47,68,47,GRAPH_ONLY,GRAPH_ONLY
38,wearthere,dest:singapore:9,wear-month,/wearthere/singapore/september/what-to-wear,what to wear in singapore in september,singapore september packing list,what clothes for singapore september,47,68,47,GRAPH_ONLY,GRAPH_ONLY
38,wearthere,dest:los-angeles:4,wear-month,/wearthere/los-angeles/april/what-to-wear,what to wear in los angeles in april,los angeles april packing list,what clothes for los angeles april,47,68,47,GRAPH_ONLY,GRAPH_ONLY
38,wearthere,dest:los-angeles:7,wear-month,/wearthere/los-angeles/july/what-to-wear,what to wear in los angeles in july,los angeles july packing list,what clothes for los angeles july,47,68,47,GRAPH_ONLY,GRAPH_ONLY
38,wearthere,dest:los-angeles:8,wear-month,/wearthere/los-angeles/august/what-to-wear,what to wear in los angeles in august,los angeles august packing list,what clothes for los angeles august,47,68,47,GRAPH_ONLY,GRAPH_ONLY
38,wearthere,dest:dublin:1,wear-month,/wearthere/dublin/january/what-to-wear,what to wear in dublin in january,dublin january packing list,what clothes for dublin january,47,68,47,GRAPH_ONLY,GRAPH_ONLY
38,wearthere,dest:dublin:8,wear-month,/wearthere/dublin/august/what-to-wear,what to wear in dublin in august,dublin august packing list,what clothes for dublin august,47,68,47,GRAPH_ONLY,GRAPH_ONLY
38,wearthere,dest:dublin:12,wear-month,/wearthere/dublin/december/what-to-wear,what to wear in dublin in december,dublin december packing list,what clothes for dublin december,47,68,47,GRAPH_ONLY,GRAPH_ONLY
38,wearthere,dest:marrakech:7,wear-month,/wearthere/marrakech/july/what-to-wear,what to wear in marrakech in july,marrakech july packing list,what clothes for marrakech july,47,68,47,GRAPH_ONLY,GRAPH_ONLY
38,wearthere,dest:marrakech:8,wear-month,/wearthere/marrakech/august/what-to-wear,what to wear in marrakech in august,marrakech august packing list,what clothes for marrakech august,47,68,47,GRAPH_ONLY,GRAPH_ONLY
38,wearthere,dest:edinburgh:1,wear-month,/wearthere/edinburgh/january/what-to-wear,what to wear in edinburgh in january,edinburgh january packing list,what clothes for edinburgh january,47,68,47,GRAPH_ONLY,GRAPH_ONLY
38,wearthere,dest:edinburgh:7,wear-month,/wearthere/edinburgh/july/what-to-wear,what to wear in edinburgh in july,edinburgh july packing list,what clothes for edinburgh july,47,68,47,GRAPH_ONLY,GRAPH_ONLY
38,wearthere,dest:edinburgh:8,wear-month,/wearthere/edinburgh/august/what-to-wear,what to wear in edinburgh in august,edinburgh august packing list,what clothes for edinburgh august,47,68,47,GRAPH_ONLY,GRAPH_ONLY
38,wearthere,dest:edinburgh:12,wear-month,/wearthere/edinburgh/december/what-to-wear,what to wear in edinburgh in december,edinburgh december packing list,what clothes for edinburgh december,47,68,47,GRAPH_ONLY,GRAPH_ONLY
38,wearthere,dest:cape-town:6,wear-month,/wearthere/cape-town/june/what-to-wear,what to wear in cape town in june,cape town june packing list,what clothes for cape town june,47,68,47,GRAPH_ONLY,GRAPH_ONLY
38,wearthere,dest:cape-town:8,wear-month,/wearthere/cape-town/august/what-to-wear,what to wear in cape town in august,cape town august packing list,what clothes for cape town august,47,68,47,GRAPH_ONLY,GRAPH_ONLY
31,chargematch,dev:iphone-16,device-hub,/chargematch/iphone-16,iphone-16 charger wattage,iphone-16 max charging wattage,best charger for iphone-16,47,53,47,GRAPH_ONLY,not a near-duplicate
31,chargematch,dev:iphone-15,device-hub,/chargematch/iphone-15,iphone-15 charger wattage,iphone-15 max charging wattage,best charger for iphone-15,47,53,47,GRAPH_ONLY,not a near-duplicate
31,chargematch,dev:mba-m3-13,device-hub,/chargematch/macbook-air-13-m3,macbook-air-13-m3 charger wattage,macbook-air-13-m3 max charging wattage,best charger for macbook-air-13-m3,47,53,47,GRAPH_ONLY,not a near-duplicate
31,chargematch,dev:mbp-14,device-hub,/chargematch/macbook-pro-14-m3,macbook-pro-14-m3 charger wattage,macbook-pro-14-m3 max charging wattage,best charger for macbook-pro-14-m3,47,53,47,GRAPH_ONLY,not a near-duplicate
31,chargematch,dev:ipad-pro-m4,device-hub,/chargematch/ipad-pro-m4,ipad-pro-m4 charger wattage,ipad-pro-m4 max charging wattage,best charger for ipad-pro-m4,47,53,47,GRAPH_ONLY,not a near-duplicate
31,chargematch,dev:steam-deck,device-hub,/chargematch/steam-deck,steam-deck charger wattage,steam-deck max charging wattage,best charger for steam-deck,47,53,47,GRAPH_ONLY,not a near-duplicate
31,chargematch,dev:galaxy-s24,device-hub,/chargematch/galaxy-s24,galaxy-s24 charger wattage,galaxy-s24 max charging wattage,best charger for galaxy-s24,47,53,47,GRAPH_ONLY,not a near-duplicate
31,chargematch,dev:pixel-8,device-hub,/chargematch/pixel-8,pixel-8 charger wattage,pixel-8 max charging wattage,best charger for pixel-8,47,53,47,GRAPH_ONLY,not a near-duplicate
31,chargematch,dev:switch,device-hub,/chargematch/nintendo-switch,nintendo-switch charger wattage,nintendo-switch max charging wattage,best charger for nintendo-switch,47,53,47,GRAPH_ONLY,not a near-duplicate
31,chargematch,dev:airpods-pro,device-wattage,/chargematch/airpods-pro-usbc,airpods-pro-usbc charger wattage,airpods-pro-usbc max charging wattage,best charger for airpods-pro-usbc,47,53,47,GRAPH_ONLY,not a near-duplicate
31,chargematch,dev:watch,device-wattage,/chargematch/apple-watch,apple-watch charger wattage,apple-watch max charging wattage,best charger for apple-watch,47,53,47,GRAPH_ONLY,not a near-duplicate
31,chargematch,dev:iphone-16-pro,device-hub,/chargematch/iphone-16-pro,iphone-16-pro charger wattage,iphone-16-pro max charging wattage,best charger for iphone-16-pro,47,53,47,GRAPH_ONLY,not a near-duplicate
31,chargematch,dev:iphone-14,device-hub,/chargematch/iphone-14,iphone-14 charger wattage,iphone-14 max charging wattage,best charger for iphone-14,47,53,47,GRAPH_ONLY,not a near-duplicate
31,chargematch,dev:mba-m3-15,device-hub,/chargematch/macbook-air-15-m3,macbook-air-15-m3 charger wattage,macbook-air-15-m3 max charging wattage,best charger for macbook-air-15-m3,47,53,47,GRAPH_ONLY,not a near-duplicate
31,chargematch,dev:ipad-air-m2,device-wattage,/chargematch/ipad-air-m2,ipad-air-m2 charger wattage,ipad-air-m2 max charging wattage,best charger for ipad-air-m2,47,53,47,GRAPH_ONLY,not a near-duplicate
31,chargematch,dev:pixel-9,device-hub,/chargematch/pixel-9,pixel-9 charger wattage,pixel-9 max charging wattage,best charger for pixel-9,47,53,47,GRAPH_ONLY,not a near-duplicate
31,chargematch,dev:s24-ultra,device-hub,/chargematch/galaxy-s24-ultra,galaxy-s24-ultra charger wattage,galaxy-s24-ultra max charging wattage,best charger for galaxy-s24-ultra,47,53,47,GRAPH_ONLY,not a near-duplicate
31,chargematch,dev:steam-deck-oled,device-hub,/chargematch/steam-deck-oled,steam-deck-oled charger wattage,steam-deck-oled max charging wattage,best charger for steam-deck-oled,47,53,47,GRAPH_ONLY,not a near-duplicate
31,chargematch,dev:switch-oled,device-hub,/chargematch/nintendo-switch-oled,nintendo-switch-oled charger wattage,nintendo-switch-oled max charging wattage,best charger for nintendo-switch-oled,47,53,47,GRAPH_ONLY,not a near-duplicate
31,chargematch,dev:framework-13,device-wattage,/chargematch/framework-13,framework-13 charger wattage,framework-13 max charging wattage,best charger for framework-13,47,53,47,GRAPH_ONLY,not a near-duplicate
31,chargematch,dev:quest-3,device-wattage,/chargematch/quest-3,quest-3 charger wattage,quest-3 max charging wattage,best charger for quest-3,47,53,47,GRAPH_ONLY,not a near-duplicate
31,chargematch,dev:tab-s9,device-wattage,/chargematch/galaxy-tab-s9,galaxy-tab-s9 charger wattage,galaxy-tab-s9 max charging wattage,best charger for galaxy-tab-s9,47,53,47,GRAPH_ONLY,not a near-duplicate
30,autospec,veh:bmw:3-series:g20:320d-b47:tyres,tyre-pressure,/autospec/bmw/3-series/g20/320d-b47/tyres,bmw 3-series g20 320d-b47 tyre pressure,bmw 3-series g20 320d-b47 tire pressure,,47,52,47,GRAPH_ONLY,not a near-duplicate
30,autospec,veh:toyota:corolla:e210:1-8-hybrid:tyres,tyre-pressure,/autospec/toyota/corolla/e210/1-8-hybrid/tyres,toyota corolla e210 1-8-hybrid tyre pressure,toyota corolla e210 1-8-hybrid tire pressure,,47,52,47,GRAPH_ONLY,not a near-duplicate
30,autospec,veh:honda:civic:11:1-5-vtec:tyres,tyre-pressure,/autospec/honda/civic/11/1-5-vtec/tyres,honda civic 11 1-5-vtec tyre pressure,honda civic 11 1-5-vtec tire pressure,,47,52,47,GRAPH_ONLY,not a near-duplicate
30,autospec,veh:mercedes:c-class:w206:c220d:tyres,tyre-pressure,/autospec/mercedes/c-class/w206/c220d/tyres,mercedes c-class w206 c220d tyre pressure,mercedes c-class w206 c220d tire pressure,,47,52,47,GRAPH_ONLY,not a near-duplicate
30,autospec,veh:audi:a4:b9:2-0-tdi:tyres,tyre-pressure,/autospec/audi/a4/b9/2-0-tdi/tyres,audi a4 b9 2-0-tdi tyre pressure,audi a4 b9 2-0-tdi tire pressure,,47,52,47,GRAPH_ONLY,not a near-duplicate
30,autospec,veh:hyundai:tucson:nx4:1-6-hybrid:tyres,tyre-pressure,/autospec/hyundai/tucson/nx4/1-6-hybrid/tyres,hyundai tucson nx4 1-6-hybrid tyre pressure,hyundai tucson nx4 1-6-hybrid tire pressure,,47,52,47,GRAPH_ONLY,not a near-duplicate
30,autospec,veh:kia:sportage:nq5:1-6-hybrid:tyres,tyre-pressure,/autospec/kia/sportage/nq5/1-6-hybrid/tyres,kia sportage nq5 1-6-hybrid tyre pressure,kia sportage nq5 1-6-hybrid tire pressure,,47,52,47,GRAPH_ONLY,not a near-duplicate
30,autospec,veh:volvo:xc60:t8:recharge:tyres,tyre-pressure,/autospec/volvo/xc60/spa/t8-recharge/tyres,volvo xc60 t8 recharge tyre pressure,volvo xc60 t8 recharge tire pressure,,47,52,47,GRAPH_ONLY,not a near-duplicate
30,autospec,veh:toyota:rav4:xa50:hybrid:tyres,tyre-pressure,/autospec/toyota/rav4/xa50/2-5-hybrid/tyres,toyota rav4 xa50 hybrid tyre pressure,toyota rav4 xa50 hybrid tire pressure,,47,52,47,GRAPH_ONLY,not a near-duplicate
30,autospec,veh:bmw:x5:g05:30d:tyres,tyre-pressure,/autospec/bmw/x5/g05/30d-b57/tyres,bmw x5 g05 30d tyre pressure,bmw x5 g05 30d tire pressure,,47,52,47,GRAPH_ONLY,not a near-duplicate
30,autospec,veh:vw:polo:aw:1-0-tsi:tyres,tyre-pressure,/autospec/volkswagen/polo/aw/1-0-tsi/tyres,vw polo aw 1-0-tsi tyre pressure,vw polo aw 1-0-tsi tire pressure,,47,52,47,GRAPH_ONLY,not a near-duplicate
30,autospec,veh:honda:cr-v:rw:2-0-hybrid:tyres,tyre-pressure,/autospec/honda/cr-v/rw/2-0-hybrid/tyres,honda cr-v rw 2-0-hybrid tyre pressure,honda cr-v rw 2-0-hybrid tire pressure,,47,52,47,GRAPH_ONLY,not a near-duplicate
28,autospec,veh:vw:golf:mk8:2-0-tdi:tyres,tyre-pressure,/autospec/volkswagen/golf/mk8/2-0-tdi/tyres,vw golf mk8 2-0-tdi tyre pressure,vw golf mk8 2-0-tdi tire pressure,,33,50,33,GRAPH_ONLY,not a near-duplicate
28,autospec,veh:tesla:model-3:highland:rwd:tyres,tyre-pressure,/autospec/tesla/model-3/highland/rwd/tyres,tesla model-3 highland rwd tyre pressure,tesla model-3 highland rwd tire pressure,,33,50,33,GRAPH_ONLY,not a near-duplicate
28,autospec,veh:peugeot:208:p21:1-2-puretech:tyres,tyre-pressure,/autospec/peugeot/208/p21/1-2-puretech/tyres,peugeot 208 p21 1-2-puretech tyre pressure,peugeot 208 p21 1-2-puretech tire pressure,,33,50,33,GRAPH_ONLY,not a near-duplicate
28,autospec,veh:renault:clio:v:1-0-tce:tyres,tyre-pressure,/autospec/renault/clio/5/1-0-tce/tyres,renault clio v 1-0-tce tyre pressure,renault clio v 1-0-tce tire pressure,,33,50,33,GRAPH_ONLY,not a near-duplicate
28,autospec,veh:tesla:model-y:juniper:lr:tyres,tyre-pressure,/autospec/tesla/model-y/juniper/lr/tyres,tesla model-y juniper lr tyre pressure,tesla model-y juniper lr tire pressure,,33,50,33,GRAPH_ONLY,not a near-duplicate
28,autospec,veh:vw:id3:e211:pro:tyres,tyre-pressure,/autospec/volkswagen/id3/e21/pro/tyres,vw id3 e211 pro tyre pressure,vw id3 e211 pro tire pressure,,33,50,33,GRAPH_ONLY,not a near-duplicate
28,autospec,veh:ford:focus:mk4:1-0-ecoboost:tyres,tyre-pressure,/autospec/ford/focus/mk4/1-0-ecoboost/tyres,ford focus mk4 1-0-ecoboost tyre pressure,ford focus mk4 1-0-ecoboost tire pressure,,33,50,33,GRAPH_ONLY,not a near-duplicate
28,autospec,veh:peugeot:308:t9:1-2-puretech:tyres,tyre-pressure,/autospec/peugeot/308/t9/1-2-puretech/tyres,peugeot 308 t9 1-2-puretech tyre pressure,peugeot 308 t9 1-2-puretech tire pressure,,33,50,33,GRAPH_ONLY,not a near-duplicate
28,autospec,veh:nissan:qashqai:j12:1-3-digt:tyres,tyre-pressure,/autospec/nissan/qashqai/j12/1-3-digt/tyres,nissan qashqai j12 1-3-digt tyre pressure,nissan qashqai j12 1-3-digt tire pressure,,33,50,33,GRAPH_ONLY,not a near-duplicate
27,autospec,veh:bmw:3-series:g20:320d-b47,vehicle-hub,/autospec/bmw/3-series/g20/320d-b47,bmw 3-series g20 320d-b47 service schedule,bmw 3-series g20 320d-b47 maintenance,,47,49,47,GRAPH_ONLY,not a near-duplicate
27,autospec,veh:toyota:corolla:e210:1-8-hybrid,vehicle-hub,/autospec/toyota/corolla/e210/1-8-hybrid,toyota corolla e210 1-8-hybrid service schedule,toyota corolla e210 1-8-hybrid maintenance,,47,49,47,GRAPH_ONLY,not a near-duplicate
27,autospec,veh:honda:civic:11:1-5-vtec,vehicle-hub,/autospec/honda/civic/11/1-5-vtec,honda civic 11 1-5-vtec service schedule,honda civic 11 1-5-vtec maintenance,,47,49,47,GRAPH_ONLY,not a near-duplicate
27,autospec,veh:mercedes:c-class:w206:c220d,vehicle-hub,/autospec/mercedes/c-class/w206/c220d,mercedes c-class w206 c220d service schedule,mercedes c-class w206 c220d maintenance,,47,49,47,GRAPH_ONLY,not a near-duplicate
27,autospec,veh:audi:a4:b9:2-0-tdi,vehicle-hub,/autospec/audi/a4/b9/2-0-tdi,audi a4 b9 2-0-tdi service schedule,audi a4 b9 2-0-tdi maintenance,,47,49,47,GRAPH_ONLY,not a near-duplicate
27,autospec,veh:hyundai:tucson:nx4:1-6-hybrid,vehicle-hub,/autospec/hyundai/tucson/nx4/1-6-hybrid,hyundai tucson nx4 1-6-hybrid service schedule,hyundai tucson nx4 1-6-hybrid maintenance,,47,49,47,GRAPH_ONLY,not a near-duplicate
27,autospec,veh:kia:sportage:nq5:1-6-hybrid,vehicle-hub,/autospec/kia/sportage/nq5/1-6-hybrid,kia sportage nq5 1-6-hybrid service schedule,kia sportage nq5 1-6-hybrid maintenance,,47,49,47,GRAPH_ONLY,not a near-duplicate
27,autospec,veh:volvo:xc60:t8:recharge,vehicle-hub,/autospec/volvo/xc60/spa/t8-recharge,volvo xc60 t8 recharge service schedule,volvo xc60 t8 recharge maintenance,,47,49,47,GRAPH_ONLY,not a near-duplicate
27,autospec,veh:toyota:rav4:xa50:hybrid,vehicle-hub,/autospec/toyota/rav4/xa50/2-5-hybrid,toyota rav4 xa50 hybrid service schedule,toyota rav4 xa50 hybrid maintenance,,47,49,47,GRAPH_ONLY,not a near-duplicate
27,autospec,veh:bmw:x5:g05:30d,vehicle-hub,/autospec/bmw/x5/g05/30d-b57,bmw x5 g05 30d service schedule,bmw x5 g05 30d maintenance,,47,49,47,GRAPH_ONLY,not a near-duplicate
27,autospec,veh:vw:polo:aw:1-0-tsi,vehicle-hub,/autospec/volkswagen/polo/aw/1-0-tsi,vw polo aw 1-0-tsi service schedule,vw polo aw 1-0-tsi maintenance,,47,49,47,GRAPH_ONLY,not a near-duplicate
27,autospec,veh:honda:cr-v:rw:2-0-hybrid,vehicle-hub,/autospec/honda/cr-v/rw/2-0-hybrid,honda cr-v rw 2-0-hybrid service schedule,honda cr-v rw 2-0-hybrid maintenance,,47,49,47,GRAPH_ONLY,not a near-duplicate
26,autospec,veh:bmw:3-series:g20:320d-b47:battery,battery,/autospec/bmw/3-series/g20/320d-b47/battery,bmw 3-series g20 320d-b47 battery type,bmw 3-series g20 320d-b47 agm battery,,47,48,47,GRAPH_ONLY,not a near-duplicate
26,autospec,veh:bmw:3-series:g20:320d-b47:maintenance,maintenance-schedule,/autospec/bmw/3-series/g20/320d-b47/maintenance,bmw 3-series g20 320d-b47 service schedule,bmw 3-series g20 320d-b47 maintenance,,47,48,47,REVIEW_REQUIRED,not a near-duplicate
26,autospec,veh:toyota:corolla:e210:1-8-hybrid:battery,battery,/autospec/toyota/corolla/e210/1-8-hybrid/battery,toyota corolla e210 1-8-hybrid battery type,toyota corolla e210 1-8-hybrid agm battery,,47,48,47,GRAPH_ONLY,not a near-duplicate
26,autospec,veh:toyota:corolla:e210:1-8-hybrid:maintenance,maintenance-schedule,/autospec/toyota/corolla/e210/1-8-hybrid/maintenance,toyota corolla e210 1-8-hybrid service schedule,toyota corolla e210 1-8-hybrid maintenance,,47,48,47,REVIEW_REQUIRED,not a near-duplicate
26,autospec,veh:honda:civic:11:1-5-vtec:battery,battery,/autospec/honda/civic/11/1-5-vtec/battery,honda civic 11 1-5-vtec battery type,honda civic 11 1-5-vtec agm battery,,47,48,47,GRAPH_ONLY,not a near-duplicate
26,autospec,veh:honda:civic:11:1-5-vtec:maintenance,maintenance-schedule,/autospec/honda/civic/11/1-5-vtec/maintenance,honda civic 11 1-5-vtec service schedule,honda civic 11 1-5-vtec maintenance,,47,48,47,REVIEW_REQUIRED,not a near-duplicate
26,autospec,veh:mercedes:c-class:w206:c220d:battery,battery,/autospec/mercedes/c-class/w206/c220d/battery,mercedes c-class w206 c220d battery type,mercedes c-class w206 c220d agm battery,,47,48,47,GRAPH_ONLY,not a near-duplicate
26,autospec,veh:mercedes:c-class:w206:c220d:maintenance,maintenance-schedule,/autospec/mercedes/c-class/w206/c220d/maintenance,mercedes c-class w206 c220d service schedule,mercedes c-class w206 c220d maintenance,,47,48,47,REVIEW_REQUIRED,not a near-duplicate
26,autospec,veh:audi:a4:b9:2-0-tdi:battery,battery,/autospec/audi/a4/b9/2-0-tdi/battery,audi a4 b9 2-0-tdi battery type,audi a4 b9 2-0-tdi agm battery,,47,48,47,GRAPH_ONLY,not a near-duplicate
26,autospec,veh:audi:a4:b9:2-0-tdi:maintenance,maintenance-schedule,/autospec/audi/a4/b9/2-0-tdi/maintenance,audi a4 b9 2-0-tdi service schedule,audi a4 b9 2-0-tdi maintenance,,47,48,47,REVIEW_REQUIRED,not a near-duplicate
26,autospec,veh:hyundai:tucson:nx4:1-6-hybrid:battery,battery,/autospec/hyundai/tucson/nx4/1-6-hybrid/battery,hyundai tucson nx4 1-6-hybrid battery type,hyundai tucson nx4 1-6-hybrid agm battery,,47,48,47,GRAPH_ONLY,not a near-duplicate
26,autospec,veh:hyundai:tucson:nx4:1-6-hybrid:maintenance,maintenance-schedule,/autospec/hyundai/tucson/nx4/1-6-hybrid/maintenance,hyundai tucson nx4 1-6-hybrid service schedule,hyundai tucson nx4 1-6-hybrid maintenance,,47,48,47,REVIEW_REQUIRED,not a near-duplicate
26,autospec,veh:kia:sportage:nq5:1-6-hybrid:battery,battery,/autospec/kia/sportage/nq5/1-6-hybrid/battery,kia sportage nq5 1-6-hybrid battery type,kia sportage nq5 1-6-hybrid agm battery,,47,48,47,GRAPH_ONLY,not a near-duplicate
26,autospec,veh:kia:sportage:nq5:1-6-hybrid:maintenance,maintenance-schedule,/autospec/kia/sportage/nq5/1-6-hybrid/maintenance,kia sportage nq5 1-6-hybrid service schedule,kia sportage nq5 1-6-hybrid maintenance,,47,48,47,REVIEW_REQUIRED,not a near-duplicate
26,autospec,veh:volvo:xc60:t8:recharge:battery,battery,/autospec/volvo/xc60/spa/t8-recharge/battery,volvo xc60 t8 recharge battery type,volvo xc60 t8 recharge agm battery,,47,48,47,GRAPH_ONLY,not a near-duplicate
26,autospec,veh:volvo:xc60:t8:recharge:maintenance,maintenance-schedule,/autospec/volvo/xc60/spa/t8-recharge/maintenance,volvo xc60 t8 recharge service schedule,volvo xc60 t8 recharge maintenance,,47,48,47,REVIEW_REQUIRED,not a near-duplicate
26,autospec,veh:toyota:rav4:xa50:hybrid:battery,battery,/autospec/toyota/rav4/xa50/2-5-hybrid/battery,toyota rav4 xa50 hybrid battery type,toyota rav4 xa50 hybrid agm battery,,47,48,47,GRAPH_ONLY,not a near-duplicate
26,autospec,veh:toyota:rav4:xa50:hybrid:maintenance,maintenance-schedule,/autospec/toyota/rav4/xa50/2-5-hybrid/maintenance,toyota rav4 xa50 hybrid service schedule,toyota rav4 xa50 hybrid maintenance,,47,48,47,REVIEW_REQUIRED,not a near-duplicate
26,autospec,veh:bmw:x5:g05:30d:battery,battery,/autospec/bmw/x5/g05/30d-b57/battery,bmw x5 g05 30d battery type,bmw x5 g05 30d agm battery,,47,48,47,GRAPH_ONLY,not a near-duplicate
26,autospec,veh:bmw:x5:g05:30d:maintenance,maintenance-schedule,/autospec/bmw/x5/g05/30d-b57/maintenance,bmw x5 g05 30d service schedule,bmw x5 g05 30d maintenance,,47,48,47,REVIEW_REQUIRED,not a near-duplicate
26,autospec,veh:vw:polo:aw:1-0-tsi:battery,battery,/autospec/volkswagen/polo/aw/1-0-tsi/battery,vw polo aw 1-0-tsi battery type,vw polo aw 1-0-tsi agm battery,,47,48,47,GRAPH_ONLY,not a near-duplicate
26,autospec,veh:vw:polo:aw:1-0-tsi:maintenance,maintenance-schedule,/autospec/volkswagen/polo/aw/1-0-tsi/maintenance,vw polo aw 1-0-tsi service schedule,vw polo aw 1-0-tsi maintenance,,47,48,47,REVIEW_REQUIRED,not a near-duplicate
26,autospec,veh:honda:cr-v:rw:2-0-hybrid:battery,battery,/autospec/honda/cr-v/rw/2-0-hybrid/battery,honda cr-v rw 2-0-hybrid battery type,honda cr-v rw 2-0-hybrid agm battery,,47,48,47,GRAPH_ONLY,not a near-duplicate
26,autospec,veh:honda:cr-v:rw:2-0-hybrid:maintenance,maintenance-schedule,/autospec/honda/cr-v/rw/2-0-hybrid/maintenance,honda cr-v rw 2-0-hybrid service schedule,honda cr-v rw 2-0-hybrid maintenance,,47,48,47,REVIEW_REQUIRED,not a near-duplicate
25,autospec,veh:bmw:3-series:g20:320d-b47:problems,common-problems,/autospec/bmw/3-series/g20/320d-b47/problems,bmw 3-series g20 320d-b47 service schedule,bmw 3-series g20 320d-b47 maintenance,,47,47,47,GRAPH_ONLY,not a near-duplicate
25,autospec,veh:toyota:corolla:e210:1-8-hybrid:problems,common-problems,/autospec/toyota/corolla/e210/1-8-hybrid/problems,toyota corolla e210 1-8-hybrid service schedule,toyota corolla e210 1-8-hybrid maintenance,,47,47,47,GRAPH_ONLY,not a near-duplicate
25,autospec,veh:vw:golf:mk8:2-0-tdi,vehicle-hub,/autospec/volkswagen/golf/mk8/2-0-tdi,vw golf mk8 2-0-tdi service schedule,vw golf mk8 2-0-tdi maintenance,,33,47,33,GRAPH_ONLY,not a near-duplicate
25,autospec,veh:tesla:model-3:highland:rwd,vehicle-hub,/autospec/tesla/model-3/highland/rwd,tesla model-3 highland rwd service schedule,tesla model-3 highland rwd maintenance,,33,47,33,GRAPH_ONLY,not a near-duplicate
25,autospec,veh:honda:civic:11:1-5-vtec:problems,common-problems,/autospec/honda/civic/11/1-5-vtec/problems,honda civic 11 1-5-vtec service schedule,honda civic 11 1-5-vtec maintenance,,47,47,47,GRAPH_ONLY,not a near-duplicate
25,autospec,veh:mercedes:c-class:w206:c220d:problems,common-problems,/autospec/mercedes/c-class/w206/c220d/problems,mercedes c-class w206 c220d service schedule,mercedes c-class w206 c220d maintenance,,47,47,47,GRAPH_ONLY,not a near-duplicate
25,autospec,veh:audi:a4:b9:2-0-tdi:problems,common-problems,/autospec/audi/a4/b9/2-0-tdi/problems,audi a4 b9 2-0-tdi service schedule,audi a4 b9 2-0-tdi maintenance,,47,47,47,GRAPH_ONLY,not a near-duplicate
25,autospec,veh:peugeot:208:p21:1-2-puretech,vehicle-hub,/autospec/peugeot/208/p21/1-2-puretech,peugeot 208 p21 1-2-puretech service schedule,peugeot 208 p21 1-2-puretech maintenance,,33,47,33,GRAPH_ONLY,not a near-duplicate
25,autospec,veh:renault:clio:v:1-0-tce,vehicle-hub,/autospec/renault/clio/5/1-0-tce,renault clio v 1-0-tce service schedule,renault clio v 1-0-tce maintenance,,33,47,33,GRAPH_ONLY,not a near-duplicate
25,autospec,veh:hyundai:tucson:nx4:1-6-hybrid:problems,common-problems,/autospec/hyundai/tucson/nx4/1-6-hybrid/problems,hyundai tucson nx4 1-6-hybrid service schedule,hyundai tucson nx4 1-6-hybrid maintenance,,47,47,47,GRAPH_ONLY,not a near-duplicate
25,autospec,veh:kia:sportage:nq5:1-6-hybrid:problems,common-problems,/autospec/kia/sportage/nq5/1-6-hybrid/problems,kia sportage nq5 1-6-hybrid service schedule,kia sportage nq5 1-6-hybrid maintenance,,47,47,47,GRAPH_ONLY,not a near-duplicate
25,autospec,veh:volvo:xc60:t8:recharge:problems,common-problems,/autospec/volvo/xc60/spa/t8-recharge/problems,volvo xc60 t8 recharge service schedule,volvo xc60 t8 recharge maintenance,,47,47,47,GRAPH_ONLY,not a near-duplicate
25,autospec,veh:tesla:model-y:juniper:lr,vehicle-hub,/autospec/tesla/model-y/juniper/lr,tesla model-y juniper lr service schedule,tesla model-y juniper lr maintenance,,33,47,33,GRAPH_ONLY,not a near-duplicate
25,autospec,veh:vw:id3:e211:pro,vehicle-hub,/autospec/volkswagen/id3/e21/pro,vw id3 e211 pro service schedule,vw id3 e211 pro maintenance,,33,47,33,GRAPH_ONLY,not a near-duplicate
25,autospec,veh:toyota:rav4:xa50:hybrid:problems,common-problems,/autospec/toyota/rav4/xa50/2-5-hybrid/problems,toyota rav4 xa50 hybrid service schedule,toyota rav4 xa50 hybrid maintenance,,47,47,47,GRAPH_ONLY,not a near-duplicate
25,autospec,veh:bmw:x5:g05:30d:problems,common-problems,/autospec/bmw/x5/g05/30d-b57/problems,bmw x5 g05 30d service schedule,bmw x5 g05 30d maintenance,,47,47,47,GRAPH_ONLY,not a near-duplicate
25,autospec,veh:ford:focus:mk4:1-0-ecoboost,vehicle-hub,/autospec/ford/focus/mk4/1-0-ecoboost,ford focus mk4 1-0-ecoboost service schedule,ford focus mk4 1-0-ecoboost maintenance,,33,47,33,GRAPH_ONLY,not a near-duplicate
25,autospec,veh:vw:polo:aw:1-0-tsi:problems,common-problems,/autospec/volkswagen/polo/aw/1-0-tsi/problems,vw polo aw 1-0-tsi service schedule,vw polo aw 1-0-tsi maintenance,,47,47,47,GRAPH_ONLY,not a near-duplicate
25,autospec,veh:peugeot:308:t9:1-2-puretech,vehicle-hub,/autospec/peugeot/308/t9/1-2-puretech,peugeot 308 t9 1-2-puretech service schedule,peugeot 308 t9 1-2-puretech maintenance,,33,47,33,GRAPH_ONLY,not a near-duplicate
25,autospec,veh:nissan:qashqai:j12:1-3-digt,vehicle-hub,/autospec/nissan/qashqai/j12/1-3-digt,nissan qashqai j12 1-3-digt service schedule,nissan qashqai j12 1-3-digt maintenance,,33,47,33,GRAPH_ONLY,not a near-duplicate
25,autospec,veh:honda:cr-v:rw:2-0-hybrid:problems,common-problems,/autospec/honda/cr-v/rw/2-0-hybrid/problems,honda cr-v rw 2-0-hybrid service schedule,honda cr-v rw 2-0-hybrid maintenance,,47,47,47,GRAPH_ONLY,not a near-duplicate
25,wearthere,dest:paris,destination-hub,/wearthere/paris,what to wear in paris,paris packing list,,47,47,47,GRAPH_ONLY,not a near-duplicate
25,wearthere,dest:tokyo,destination-hub,/wearthere/tokyo,what to wear in tokyo,tokyo packing list,,47,47,47,GRAPH_ONLY,not a near-duplicate
25,wearthere,dest:new-york,destination-hub,/wearthere/new-york,what to wear in new york,new york packing list,,47,47,47,GRAPH_ONLY,not a near-duplicate
25,wearthere,dest:london,destination-hub,/wearthere/london,what to wear in london,london packing list,,47,47,47,GRAPH_ONLY,not a near-duplicate
25,wearthere,dest:barcelona,destination-hub,/wearthere/barcelona,what to wear in barcelona,barcelona packing list,,47,47,47,GRAPH_ONLY,not a near-duplicate
25,wearthere,dest:reykjavik,destination-hub,/wearthere/reykjavik,what to wear in reykjavik,reykjavik packing list,,47,47,47,GRAPH_ONLY,not a near-duplicate
25,wearthere,dest:dubai,destination-hub,/wearthere/dubai,what to wear in dubai,dubai packing list,,47,47,47,GRAPH_ONLY,not a near-duplicate
25,wearthere,dest:lisbon,destination-hub,/wearthere/lisbon,what to wear in lisbon,lisbon packing list,,47,47,47,GRAPH_ONLY,not a near-duplicate
25,wearthere,dest:rome,destination-hub,/wearthere/rome,what to wear in rome,rome packing list,,47,47,47,GRAPH_ONLY,not a near-duplicate
25,wearthere,dest:amsterdam,destination-hub,/wearthere/amsterdam,what to wear in amsterdam,amsterdam packing list,,47,47,47,GRAPH_ONLY,not a near-duplicate
25,wearthere,dest:berlin,destination-hub,/wearthere/berlin,what to wear in berlin,berlin packing list,,47,47,47,GRAPH_ONLY,not a near-duplicate
25,wearthere,dest:madrid,destination-hub,/wearthere/madrid,what to wear in madrid,madrid packing list,,47,47,47,GRAPH_ONLY,not a near-duplicate
25,wearthere,dest:seoul,destination-hub,/wearthere/seoul,what to wear in seoul,seoul packing list,,47,47,47,GRAPH_ONLY,not a near-duplicate
25,wearthere,dest:singapore,destination-hub,/wearthere/singapore,what to wear in singapore,singapore packing list,,47,47,47,GRAPH_ONLY,not a near-duplicate
25,wearthere,dest:sydney,destination-hub,/wearthere/sydney,what to wear in sydney,sydney packing list,,47,47,47,GRAPH_ONLY,not a near-duplicate
25,wearthere,dest:los-angeles,destination-hub,/wearthere/los-angeles,what to wear in los angeles,los angeles packing list,,47,47,47,GRAPH_ONLY,not a near-duplicate
25,wearthere,dest:chicago,destination-hub,/wearthere/chicago,what to wear in chicago,chicago packing list,,47,47,47,GRAPH_ONLY,not a near-duplicate
25,wearthere,dest:toronto,destination-hub,/wearthere/toronto,what to wear in toronto,toronto packing list,,47,47,47,GRAPH_ONLY,not a near-duplicate
25,wearthere,dest:dublin,destination-hub,/wearthere/dublin,what to wear in dublin,dublin packing list,,47,47,47,GRAPH_ONLY,not a near-duplicate
25,wearthere,dest:copenhagen,destination-hub,/wearthere/copenhagen,what to wear in copenhagen,copenhagen packing list,,47,47,47,GRAPH_ONLY,not a near-duplicate
25,wearthere,dest:vienna,destination-hub,/wearthere/vienna,what to wear in vienna,vienna packing list,,47,47,47,GRAPH_ONLY,not a near-duplicate
25,wearthere,dest:prague,destination-hub,/wearthere/prague,what to wear in prague,prague packing list,,47,47,47,GRAPH_ONLY,not a near-duplicate
25,wearthere,dest:bangkok,destination-hub,/wearthere/bangkok,what to wear in bangkok,bangkok packing list,,47,47,47,GRAPH_ONLY,not a near-duplicate
25,wearthere,dest:marrakech,destination-hub,/wearthere/marrakech,what to wear in marrakech,marrakech packing list,,47,47,47,GRAPH_ONLY,not a near-duplicate
25,wearthere,dest:istanbul,destination-hub,/wearthere/istanbul,what to wear in istanbul,istanbul packing list,,47,47,47,GRAPH_ONLY,not a near-duplicate
25,wearthere,dest:hong-kong,destination-hub,/wearthere/hong-kong,what to wear in hong kong,hong kong packing list,,47,47,47,GRAPH_ONLY,not a near-duplicate
25,wearthere,dest:miami,destination-hub,/wearthere/miami,what to wear in miami,miami packing list,,47,47,47,GRAPH_ONLY,not a near-duplicate
25,wearthere,dest:osaka,destination-hub,/wearthere/osaka,what to wear in osaka,osaka packing list,,47,47,47,GRAPH_ONLY,not a near-duplicate
25,wearthere,dest:vancouver,destination-hub,/wearthere/vancouver,what to wear in vancouver,vancouver packing list,,47,47,47,GRAPH_ONLY,not a near-duplicate
25,wearthere,dest:edinburgh,destination-hub,/wearthere/edinburgh,what to wear in edinburgh,edinburgh packing list,,47,47,47,GRAPH_ONLY,not a near-duplicate
25,wearthere,dest:florence,destination-hub,/wearthere/florence,what to wear in florence,florence packing list,,47,47,47,GRAPH_ONLY,not a near-duplicate
25,wearthere,dest:cape-town,destination-hub,/wearthere/cape-town,what to wear in cape town,cape town packing list,,47,47,47,GRAPH_ONLY,not a near-duplicate
24,autospec,veh:vw:golf:mk8:2-0-tdi:battery,battery,/autospec/volkswagen/golf/mk8/2-0-tdi/battery,vw golf mk8 2-0-tdi battery type,vw golf mk8 2-0-tdi agm battery,,33,46,33,GRAPH_ONLY,not a near-duplicate
24,autospec,veh:vw:golf:mk8:2-0-tdi:maintenance,maintenance-schedule,/autospec/volkswagen/golf/mk8/2-0-tdi/maintenance,vw golf mk8 2-0-tdi service schedule,vw golf mk8 2-0-tdi maintenance,,33,46,33,REVIEW_REQUIRED,not a near-duplicate
24,autospec,veh:tesla:model-3:highland:rwd:battery,battery,/autospec/tesla/model-3/highland/rwd/battery,tesla model-3 highland rwd battery type,tesla model-3 highland rwd agm battery,,33,46,33,GRAPH_ONLY,not a near-duplicate
24,autospec,veh:tesla:model-3:highland:rwd:maintenance,maintenance-schedule,/autospec/tesla/model-3/highland/rwd/maintenance,tesla model-3 highland rwd service schedule,tesla model-3 highland rwd maintenance,,33,46,33,REVIEW_REQUIRED,not a near-duplicate
24,autospec,veh:peugeot:208:p21:1-2-puretech:battery,battery,/autospec/peugeot/208/p21/1-2-puretech/battery,peugeot 208 p21 1-2-puretech battery type,peugeot 208 p21 1-2-puretech agm battery,,33,46,33,GRAPH_ONLY,not a near-duplicate
24,autospec,veh:peugeot:208:p21:1-2-puretech:maintenance,maintenance-schedule,/autospec/peugeot/208/p21/1-2-puretech/maintenance,peugeot 208 p21 1-2-puretech service schedule,peugeot 208 p21 1-2-puretech maintenance,,33,46,33,REVIEW_REQUIRED,not a near-duplicate
24,autospec,veh:renault:clio:v:1-0-tce:battery,battery,/autospec/renault/clio/5/1-0-tce/battery,renault clio v 1-0-tce battery type,renault clio v 1-0-tce agm battery,,33,46,33,GRAPH_ONLY,not a near-duplicate
24,autospec,veh:renault:clio:v:1-0-tce:maintenance,maintenance-schedule,/autospec/renault/clio/5/1-0-tce/maintenance,renault clio v 1-0-tce service schedule,renault clio v 1-0-tce maintenance,,33,46,33,REVIEW_REQUIRED,not a near-duplicate
24,autospec,veh:tesla:model-y:juniper:lr:battery,battery,/autospec/tesla/model-y/juniper/lr/battery,tesla model-y juniper lr battery type,tesla model-y juniper lr agm battery,,33,46,33,GRAPH_ONLY,not a near-duplicate
24,autospec,veh:tesla:model-y:juniper:lr:maintenance,maintenance-schedule,/autospec/tesla/model-y/juniper/lr/maintenance,tesla model-y juniper lr service schedule,tesla model-y juniper lr maintenance,,33,46,33,REVIEW_REQUIRED,not a near-duplicate
24,autospec,veh:vw:id3:e211:pro:battery,battery,/autospec/volkswagen/id3/e21/pro/battery,vw id3 e211 pro battery type,vw id3 e211 pro agm battery,,33,46,33,GRAPH_ONLY,not a near-duplicate
24,autospec,veh:vw:id3:e211:pro:maintenance,maintenance-schedule,/autospec/volkswagen/id3/e21/pro/maintenance,vw id3 e211 pro service schedule,vw id3 e211 pro maintenance,,33,46,33,REVIEW_REQUIRED,not a near-duplicate
24,autospec,veh:ford:focus:mk4:1-0-ecoboost:battery,battery,/autospec/ford/focus/mk4/1-0-ecoboost/battery,ford focus mk4 1-0-ecoboost battery type,ford focus mk4 1-0-ecoboost agm battery,,33,46,33,GRAPH_ONLY,not a near-duplicate
24,autospec,veh:ford:focus:mk4:1-0-ecoboost:maintenance,maintenance-schedule,/autospec/ford/focus/mk4/1-0-ecoboost/maintenance,ford focus mk4 1-0-ecoboost service schedule,ford focus mk4 1-0-ecoboost maintenance,,33,46,33,REVIEW_REQUIRED,not a near-duplicate
24,autospec,veh:peugeot:308:t9:1-2-puretech:battery,battery,/autospec/peugeot/308/t9/1-2-puretech/battery,peugeot 308 t9 1-2-puretech battery type,peugeot 308 t9 1-2-puretech agm battery,,33,46,33,GRAPH_ONLY,not a near-duplicate
24,autospec,veh:peugeot:308:t9:1-2-puretech:maintenance,maintenance-schedule,/autospec/peugeot/308/t9/1-2-puretech/maintenance,peugeot 308 t9 1-2-puretech service schedule,peugeot 308 t9 1-2-puretech maintenance,,33,46,33,REVIEW_REQUIRED,not a near-duplicate
24,autospec,veh:nissan:qashqai:j12:1-3-digt:battery,battery,/autospec/nissan/qashqai/j12/1-3-digt/battery,nissan qashqai j12 1-3-digt battery type,nissan qashqai j12 1-3-digt agm battery,,33,46,33,GRAPH_ONLY,not a near-duplicate
24,autospec,veh:nissan:qashqai:j12:1-3-digt:maintenance,maintenance-schedule,/autospec/nissan/qashqai/j12/1-3-digt/maintenance,nissan qashqai j12 1-3-digt service schedule,nissan qashqai j12 1-3-digt maintenance,,33,46,33,REVIEW_REQUIRED,not a near-duplicate
23,autospec,veh:vw:golf:mk8:2-0-tdi:problems,common-problems,/autospec/volkswagen/golf/mk8/2-0-tdi/problems,vw golf mk8 2-0-tdi service schedule,vw golf mk8 2-0-tdi maintenance,,33,45,33,GRAPH_ONLY,not a near-duplicate
23,autospec,veh:tesla:model-3:highland:rwd:problems,common-problems,/autospec/tesla/model-3/highland/rwd/problems,tesla model-3 highland rwd service schedule,tesla model-3 highland rwd maintenance,,33,45,33,GRAPH_ONLY,not a near-duplicate
23,autospec,veh:peugeot:208:p21:1-2-puretech:problems,common-problems,/autospec/peugeot/208/p21/1-2-puretech/problems,peugeot 208 p21 1-2-puretech service schedule,peugeot 208 p21 1-2-puretech maintenance,,33,45,33,GRAPH_ONLY,not a near-duplicate
23,autospec,veh:renault:clio:v:1-0-tce:problems,common-problems,/autospec/renault/clio/5/1-0-tce/problems,renault clio v 1-0-tce service schedule,renault clio v 1-0-tce maintenance,,33,45,33,GRAPH_ONLY,not a near-duplicate
23,autospec,veh:tesla:model-y:juniper:lr:problems,common-problems,/autospec/tesla/model-y/juniper/lr/problems,tesla model-y juniper lr service schedule,tesla model-y juniper lr maintenance,,33,45,33,GRAPH_ONLY,not a near-duplicate
23,autospec,veh:vw:id3:e211:pro:problems,common-problems,/autospec/volkswagen/id3/e21/pro/problems,vw id3 e211 pro service schedule,vw id3 e211 pro maintenance,,33,45,33,GRAPH_ONLY,not a near-duplicate
23,autospec,veh:ford:focus:mk4:1-0-ecoboost:problems,common-problems,/autospec/ford/focus/mk4/1-0-ecoboost/problems,ford focus mk4 1-0-ecoboost service schedule,ford focus mk4 1-0-ecoboost maintenance,,33,45,33,GRAPH_ONLY,not a near-duplicate
23,autospec,veh:peugeot:308:t9:1-2-puretech:problems,common-problems,/autospec/peugeot/308/t9/1-2-puretech/problems,peugeot 308 t9 1-2-puretech service schedule,peugeot 308 t9 1-2-puretech maintenance,,33,45,33,GRAPH_ONLY,not a near-duplicate
23,autospec,veh:nissan:qashqai:j12:1-3-digt:problems,common-problems,/autospec/nissan/qashqai/j12/1-3-digt/problems,nissan qashqai j12 1-3-digt service schedule,nissan qashqai j12 1-3-digt maintenance,,33,45,33,GRAPH_ONLY,not a near-duplicate
15,tripcost,paris-lyon:driving,route-driving,/tripcost/paris/to/lyon/driving-cost,to drive vs train cost,cost to drive,car vs train,33,52,33,REVIEW_REQUIRED,not a near-duplicate; heuristic fare — demand cannot unlock INDEXABLE yet
15,tripcost,paris-barcelona:driving,route-driving,/tripcost/paris/to/barcelona/driving-cost,to drive vs train cost,cost to drive,car vs train,33,52,33,REVIEW_REQUIRED,not a near-duplicate; heuristic fare — demand cannot unlock INDEXABLE yet
15,tripcost,london-paris:driving,route-driving,/tripcost/london/to/paris/driving-cost,to drive vs train cost,cost to drive,car vs train,33,52,33,REVIEW_REQUIRED,not a near-duplicate; heuristic fare — demand cannot unlock INDEXABLE yet
15,tripcost,berlin-munich:driving,route-driving,/tripcost/berlin/to/munich/driving-cost,to drive vs train cost,cost to drive,car vs train,33,52,33,REVIEW_REQUIRED,not a near-duplicate; heuristic fare — demand cannot unlock INDEXABLE yet
15,tripcost,paris-amsterdam:driving,route-driving,/tripcost/paris/to/amsterdam/driving-cost,to drive vs train cost,cost to drive,car vs train,33,52,33,REVIEW_REQUIRED,not a near-duplicate; heuristic fare — demand cannot unlock INDEXABLE yet
15,tripcost,paris-brussels:driving,route-driving,/tripcost/paris/to/brussels/driving-cost,to drive vs train cost,cost to drive,car vs train,33,52,33,REVIEW_REQUIRED,not a near-duplicate; heuristic fare — demand cannot unlock INDEXABLE yet
15,tripcost,milan-munich:driving,route-driving,/tripcost/milan/to/munich/driving-cost,to drive vs train cost,cost to drive,car vs train,33,52,33,REVIEW_REQUIRED,not a near-duplicate; heuristic fare — demand cannot unlock INDEXABLE yet
15,tripcost,paris-rome:driving,route-driving,/tripcost/paris/to/rome/driving-cost,to drive vs train cost,cost to drive,car vs train,33,52,33,REVIEW_REQUIRED,not a near-duplicate; heuristic fare — demand cannot unlock INDEXABLE yet
15,tripcost,amsterdam-berlin:driving,route-driving,/tripcost/amsterdam/to/berlin/driving-cost,to drive vs train cost,cost to drive,car vs train,33,52,33,REVIEW_REQUIRED,not a near-duplicate; heuristic fare — demand cannot unlock INDEXABLE yet
15,tripcost,madrid-barcelona:driving,route-driving,/tripcost/madrid/to/barcelona/driving-cost,to drive vs train cost,cost to drive,car vs train,33,52,33,REVIEW_REQUIRED,not a near-duplicate; heuristic fare — demand cannot unlock INDEXABLE yet
15,tripcost,rome-milan:driving,route-driving,/tripcost/rome/to/milan/driving-cost,to drive vs train cost,cost to drive,car vs train,33,52,33,REVIEW_REQUIRED,not a near-duplicate; heuristic fare — demand cannot unlock INDEXABLE yet
15,tripcost,london-amsterdam:driving,route-driving,/tripcost/london/to/amsterdam/driving-cost,to drive vs train cost,cost to drive,car vs train,33,52,33,REVIEW_REQUIRED,not a near-duplicate; heuristic fare — demand cannot unlock INDEXABLE yet
15,tripcost,paris-frankfurt:driving,route-driving,/tripcost/paris/to/frankfurt/driving-cost,to drive vs train cost,cost to drive,car vs train,33,52,33,REVIEW_REQUIRED,not a near-duplicate; heuristic fare — demand cannot unlock INDEXABLE yet
15,tripcost,munich-zurich:driving,route-driving,/tripcost/munich/to/zurich/driving-cost,to drive vs train cost,cost to drive,car vs train,33,52,33,REVIEW_REQUIRED,not a near-duplicate; heuristic fare — demand cannot unlock INDEXABLE yet
15,tripcost,lyon-marseille:driving,route-driving,/tripcost/lyon/to/marseille/driving-cost,to drive vs train cost,cost to drive,car vs train,33,52,33,REVIEW_REQUIRED,not a near-duplicate; heuristic fare — demand cannot unlock INDEXABLE yet
15,tripcost,berlin-hamburg:driving,route-driving,/tripcost/berlin/to/hamburg/driving-cost,to drive vs train cost,cost to drive,car vs train,33,52,33,REVIEW_REQUIRED,not a near-duplicate; heuristic fare — demand cannot unlock INDEXABLE yet
15,tripcost,paris-geneva:driving,route-driving,/tripcost/paris/to/geneva/driving-cost,to drive vs train cost,cost to drive,car vs train,33,52,33,REVIEW_REQUIRED,not a near-duplicate; heuristic fare — demand cannot unlock INDEXABLE yet
15,tripcost,brussels-amsterdam:driving,route-driving,/tripcost/brussels/to/amsterdam/driving-cost,to drive vs train cost,cost to drive,car vs train,33,52,33,REVIEW_REQUIRED,not a near-duplicate; heuristic fare — demand cannot unlock INDEXABLE yet
15,tripcost,lisbon-madrid:driving,route-driving,/tripcost/lisbon/to/madrid/driving-cost,to drive vs train cost,cost to drive,car vs train,33,52,33,REVIEW_REQUIRED,not a near-duplicate; heuristic fare — demand cannot unlock INDEXABLE yet
