priority,site,page_id,page_family,canonical_candidate,primary_query,query_2,query_3,truth_score,quality_score,provenance_score,current_state,reason_for_priority
62,fixcode,fix:bosch:dishwasher:leaking,symptom,/fixcode/bosch/dishwasher/leaking,bosch dishwasher leaking: causes & checks,,,87,49,87,REVIEW_REQUIRED,known brand with existing provenance; actionable diagnostic; not a near-duplicate
62,fixcode,fix:bosch:dishwasher:will-not-start,symptom,/fixcode/bosch/dishwasher/will-not-start,bosch dishwasher will not start: causes & checks,,,87,49,87,REVIEW_REQUIRED,known brand with existing provenance; actionable diagnostic; not a near-duplicate
62,fixcode,fix:bosch:dishwasher:not-draining,symptom,/fixcode/bosch/dishwasher/not-draining,bosch dishwasher not draining: causes & checks,,,87,49,87,REVIEW_REQUIRED,known brand with existing provenance; actionable diagnostic; not a near-duplicate
62,fixcode,fix:bosch:dishwasher:standing-water,symptom,/fixcode/bosch/dishwasher/standing-water,bosch dishwasher standing water: causes & checks,,,87,49,87,REVIEW_REQUIRED,known brand with existing provenance; actionable diagnostic; not a near-duplicate
61,fixcode,fix:bosch:washer:not-draining,symptom,/fixcode/bosch/washer/not-draining,bosch washer not draining: causes & checks,,,87,48,87,REVIEW_REQUIRED,known brand with existing provenance; actionable diagnostic; not a near-duplicate
61,fixcode,fix:bosch:washer:not-filling,symptom,/fixcode/bosch/washer/not-filling,bosch washer not filling: causes & checks,,,87,48,87,REVIEW_REQUIRED,known brand with existing provenance; actionable diagnostic; not a near-duplicate
61,fixcode,fix:bosch:washer:takes-too-long-to-fill,symptom,/fixcode/bosch/washer/takes-too-long-to-fill,bosch washer takes too long to fill: causes & checks,,,87,48,87,REVIEW_REQUIRED,known brand with existing provenance; actionable diagnostic; not a near-duplicate
61,fixcode,fix:bosch:washer:standing-water,symptom,/fixcode/bosch/washer/standing-water,bosch washer standing water: causes & checks,,,87,48,87,REVIEW_REQUIRED,known brand with existing provenance; actionable diagnostic; not a near-duplicate
61,fixcode,fix:bosch:washer:leaking,symptom,/fixcode/bosch/washer/leaking,bosch washer leaking: causes & checks,,,87,48,87,REVIEW_REQUIRED,known brand with existing provenance; actionable diagnostic; not a near-duplicate
61,fixcode,fix:miele:dishwasher:not-draining,symptom,/fixcode/miele/dishwasher/not-draining,miele dishwasher not draining: causes & checks,,,87,48,87,REVIEW_REQUIRED,known brand with existing provenance; actionable diagnostic; not a near-duplicate
61,fixcode,fix:miele:dishwasher:standing-water,symptom,/fixcode/miele/dishwasher/standing-water,miele dishwasher standing water: causes & checks,,,87,48,87,REVIEW_REQUIRED,known brand with existing provenance; actionable diagnostic; not a near-duplicate
60,fixcode,fix:miele:washer:not-filling,symptom,/fixcode/miele/washer/not-filling,miele washer not filling: causes & checks,,,87,47,87,REVIEW_REQUIRED,known brand with existing provenance; actionable diagnostic; not a near-duplicate
60,fixcode,fix:bosch:dishwasher:not-heating,symptom,/fixcode/bosch/dishwasher/not-heating,bosch dishwasher not heating: causes & checks,,,87,47,87,REVIEW_REQUIRED,known brand with existing provenance; actionable diagnostic; not a near-duplicate
60,fixcode,fix:bosch:dishwasher:dishes-wet,symptom,/fixcode/bosch/dishwasher/dishes-wet,bosch dishwasher dishes wet: causes & checks,,,87,47,87,REVIEW_REQUIRED,known brand with existing provenance; actionable diagnostic; not a near-duplicate
60,fixcode,fix:bosch:dishwasher:not-filling,symptom,/fixcode/bosch/dishwasher/not-filling,bosch dishwasher not filling: causes & checks,,,87,47,87,REVIEW_REQUIRED,known brand with existing provenance; actionable diagnostic; not a near-duplicate
60,fixcode,fix:bosch:dishwasher:takes-too-long-to-fill,symptom,/fixcode/bosch/dishwasher/takes-too-long-to-fill,bosch dishwasher takes too long to fill: causes & checks,,,87,47,87,REVIEW_REQUIRED,known brand with existing provenance; actionable diagnostic; not a near-duplicate
60,fixcode,fix:bosch:dishwasher:wont-spin,symptom,/fixcode/bosch/dishwasher/wont-spin,bosch dishwasher wont spin: causes & checks,,,87,47,87,REVIEW_REQUIRED,known brand with existing provenance; actionable diagnostic; not a near-duplicate
60,fixcode,fix:bosch:dishwasher:dead-drum,symptom,/fixcode/bosch/dishwasher/dead-drum,bosch dishwasher dead drum: causes & checks,,,87,47,87,REVIEW_REQUIRED,known brand with existing provenance; actionable diagnostic; not a near-duplicate
60,fixcode,fix:bosch:dishwasher:wont-start,symptom,/fixcode/bosch/dishwasher/wont-start,bosch dishwasher wont start: causes & checks,,,87,47,87,REVIEW_REQUIRED,known brand with existing provenance; actionable diagnostic; not a near-duplicate
60,fixcode,fix:bosch:washer:not-heating,symptom,/fixcode/bosch/washer/not-heating,bosch washer not heating: causes & checks,,,87,47,87,REVIEW_REQUIRED,known brand with existing provenance; actionable diagnostic; not a near-duplicate
60,fixcode,fix:bosch:washer:door-wont-lock,symptom,/fixcode/bosch/washer/door-wont-lock,bosch washer door wont lock: causes & checks,,,87,47,87,REVIEW_REQUIRED,known brand with existing provenance; actionable diagnostic; not a near-duplicate
60,fixcode,fix:bosch:dryer:not-drying,symptom,/fixcode/bosch/dryer/not-drying,bosch dryer not drying: causes & checks,,,87,47,87,REVIEW_REQUIRED,known brand with existing provenance; actionable diagnostic; not a near-duplicate
60,fixcode,fix:bosch:dryer:door-wont-lock,symptom,/fixcode/bosch/dryer/door-wont-lock,bosch dryer door wont lock: causes & checks,,,87,47,87,REVIEW_REQUIRED,known brand with existing provenance; actionable diagnostic; not a near-duplicate
60,fixcode,fix:bosch:oven:not-heating,symptom,/fixcode/bosch/oven/not-heating,bosch oven not heating: causes & checks,,,87,47,87,REVIEW_REQUIRED,known brand with existing provenance; actionable diagnostic; not a near-duplicate
60,fixcode,fix:miele:washer:takes-too-long-to-fill,symptom,/fixcode/miele/washer/takes-too-long-to-fill,miele washer takes too long to fill: causes & checks,,,87,47,87,REVIEW_REQUIRED,known brand with existing provenance; actionable diagnostic; not a near-duplicate
60,fixcode,fix:miele:washer:not-draining,symptom,/fixcode/miele/washer/not-draining,miele washer not draining: causes & checks,,,87,47,87,REVIEW_REQUIRED,known brand with existing provenance; actionable diagnostic; not a near-duplicate
60,fixcode,fix:miele:washer:standing-water,symptom,/fixcode/miele/washer/standing-water,miele washer standing water: causes & checks,,,87,47,87,REVIEW_REQUIRED,known brand with existing provenance; actionable diagnostic; not a near-duplicate
60,fixcode,fix:miele:washer:not-heating,symptom,/fixcode/miele/washer/not-heating,miele washer not heating: causes & checks,,,87,47,87,REVIEW_REQUIRED,known brand with existing provenance; actionable diagnostic; not a near-duplicate
60,fixcode,fix:miele:dishwasher:not-filling,symptom,/fixcode/miele/dishwasher/not-filling,miele dishwasher not filling: causes & checks,,,87,47,87,REVIEW_REQUIRED,known brand with existing provenance; actionable diagnostic; not a near-duplicate
60,fixcode,fix:miele:dishwasher:takes-too-long-to-fill,symptom,/fixcode/miele/dishwasher/takes-too-long-to-fill,miele dishwasher takes too long to fill: causes & checks,,,87,47,87,REVIEW_REQUIRED,known brand with existing provenance; actionable diagnostic; not a near-duplicate
60,fixcode,fix:miele:dishwasher:not-heating,symptom,/fixcode/miele/dishwasher/not-heating,miele dishwasher not heating: causes & checks,,,87,47,87,REVIEW_REQUIRED,known brand with existing provenance; actionable diagnostic; not a near-duplicate
60,fixcode,fix:miele:dishwasher:dishes-wet,symptom,/fixcode/miele/dishwasher/dishes-wet,miele dishwasher dishes wet: causes & checks,,,87,47,87,REVIEW_REQUIRED,known brand with existing provenance; actionable diagnostic; not a near-duplicate
60,fixcode,fix:miele:dishwasher:wont-spin,symptom,/fixcode/miele/dishwasher/wont-spin,miele dishwasher wont spin: causes & checks,,,87,47,87,REVIEW_REQUIRED,known brand with existing provenance; actionable diagnostic; not a near-duplicate
60,fixcode,fix:miele:dishwasher:dead-drum,symptom,/fixcode/miele/dishwasher/dead-drum,miele dishwasher dead drum: causes & checks,,,87,47,87,REVIEW_REQUIRED,known brand with existing provenance; actionable diagnostic; not a near-duplicate
60,fixcode,fix:miele:dishwasher:leaking,symptom,/fixcode/miele/dishwasher/leaking,miele dishwasher leaking: causes & checks,,,87,47,87,REVIEW_REQUIRED,known brand with existing provenance; actionable diagnostic; not a near-duplicate
60,fixcode,fix:miele:dishwasher:will-not-start,symptom,/fixcode/miele/dishwasher/will-not-start,miele dishwasher will not start: causes & checks,,,87,47,87,REVIEW_REQUIRED,known brand with existing provenance; actionable diagnostic; not a near-duplicate
59,fixcode,fix:bosch:washer:wont-spin,symptom,/fixcode/bosch/washer/wont-spin,bosch washer wont spin: causes & checks,,,87,46,87,REVIEW_REQUIRED,known brand with existing provenance; actionable diagnostic; not a near-duplicate
59,fixcode,fix:bosch:washer:dead-drum,symptom,/fixcode/bosch/washer/dead-drum,bosch washer dead drum: causes & checks,,,87,46,87,REVIEW_REQUIRED,known brand with existing provenance; actionable diagnostic; not a near-duplicate
59,fixcode,fix:bosch:oven:wont-start,symptom,/fixcode/bosch/oven/wont-start,bosch oven wont start: causes & checks,,,87,46,87,REVIEW_REQUIRED,known brand with existing provenance; actionable diagnostic; not a near-duplicate
59,fixcode,fix:miele:washer:wont-start,symptom,/fixcode/miele/washer/wont-start,miele washer wont start: causes & checks,,,87,46,87,REVIEW_REQUIRED,known brand with existing provenance; actionable diagnostic; not a near-duplicate
59,fixcode,fix:miele:dryer:not-drying,symptom,/fixcode/miele/dryer/not-drying,miele dryer not drying: causes & checks,,,87,46,87,REVIEW_REQUIRED,known brand with existing provenance; actionable diagnostic; not a near-duplicate
55,fixcode,fix:hub:bosch:dishwasher,appliance-hub,/fixcode/bosch/dishwasher,bosch dishwasher errors,,,100,57,100,GRAPH_ONLY,known brand with existing provenance; not a near-duplicate
55,fixcode,fix:hub:bosch:washer,appliance-hub,/fixcode/bosch/washer,bosch washer errors,,,100,57,100,GRAPH_ONLY,known brand with existing provenance; not a near-duplicate
55,fixcode,fix:hub:bosch:dryer,appliance-hub,/fixcode/bosch/dryer,bosch dryer errors,,,100,57,100,GRAPH_ONLY,known brand with existing provenance; not a near-duplicate
55,fixcode,fix:hub:bosch:oven,appliance-hub,/fixcode/bosch/oven,bosch oven errors,,,100,57,100,GRAPH_ONLY,known brand with existing provenance; not a near-duplicate
55,fixcode,fix:hub:miele:washer,appliance-hub,/fixcode/miele/washer,miele washer errors,,,100,57,100,GRAPH_ONLY,known brand with existing provenance; not a near-duplicate
55,fixcode,fix:hub:miele:dishwasher,appliance-hub,/fixcode/miele/dishwasher,miele dishwasher errors,,,100,57,100,GRAPH_ONLY,known brand with existing provenance; not a near-duplicate
55,fixcode,fix:hub:miele:dryer,appliance-hub,/fixcode/miele/dryer,miele dryer errors,,,100,57,100,GRAPH_ONLY,known brand with existing provenance; not a near-duplicate
54,fixcode,fix:samsung:washer:not-draining,symptom,/fixcode/samsung/washer/not-draining,samsung washer not draining: causes & checks,,,33,41,33,REVIEW_REQUIRED,known brand with existing provenance; actionable diagnostic; not a near-duplicate
54,fixcode,fix:samsung:washer:wont-spin,symptom,/fixcode/samsung/washer/wont-spin,samsung washer won't spin: causes & checks,,,33,41,33,REVIEW_REQUIRED,known brand with existing provenance; actionable diagnostic; not a near-duplicate
54,fixcode,fix:lg:washer:not-draining,symptom,/fixcode/lg/washer/not-draining,lg washer not draining: causes & checks,,,33,41,33,REVIEW_REQUIRED,known brand with existing provenance; actionable diagnostic; not a near-duplicate
54,fixcode,fix:samsung:dishwasher:not-draining,symptom,/fixcode/samsung/dishwasher/not-draining,samsung dishwasher not draining: causes & checks,,,33,41,33,REVIEW_REQUIRED,known brand with existing provenance; actionable diagnostic; not a near-duplicate
54,fixcode,fix:samsung:dishwasher:standing-water,symptom,/fixcode/samsung/dishwasher/standing-water,samsung dishwasher standing water: causes & checks,,,33,41,33,REVIEW_REQUIRED,known brand with existing provenance; actionable diagnostic; not a near-duplicate
53,fixcode,fix:samsung:washer:not-filling,symptom,/fixcode/samsung/washer/not-filling,samsung washer not filling: causes & checks,,,33,40,33,REVIEW_REQUIRED,known brand with existing provenance; actionable diagnostic; not a near-duplicate
53,fixcode,fix:samsung:washer:takes-too-long-to-fill,symptom,/fixcode/samsung/washer/takes-too-long-to-fill,samsung washer takes too long to fill: causes & checks,,,33,40,33,REVIEW_REQUIRED,known brand with existing provenance; actionable diagnostic; not a near-duplicate
53,fixcode,fix:samsung:washer:standing-water,symptom,/fixcode/samsung/washer/standing-water,samsung washer standing water: causes & checks,,,33,40,33,REVIEW_REQUIRED,known brand with existing provenance; actionable diagnostic; not a near-duplicate
53,fixcode,fix:samsung:washer:door-wont-lock,symptom,/fixcode/samsung/washer/door-wont-lock,samsung washer door wont lock: causes & checks,,,33,40,33,REVIEW_REQUIRED,known brand with existing provenance; actionable diagnostic; not a near-duplicate
53,fixcode,fix:samsung:washer:overfilling,symptom,/fixcode/samsung/washer/overfilling,samsung washer overfilling: causes & checks,,,33,40,33,REVIEW_REQUIRED,known brand with existing provenance; actionable diagnostic; not a near-duplicate
53,fixcode,fix:lg:washer:not-filling,symptom,/fixcode/lg/washer/not-filling,lg washer not filling: causes & checks,,,33,40,33,REVIEW_REQUIRED,known brand with existing provenance; actionable diagnostic; not a near-duplicate
53,fixcode,fix:lg:washer:wont-spin,symptom,/fixcode/lg/washer/wont-spin,lg washer wont spin: causes & checks,,,33,40,33,REVIEW_REQUIRED,known brand with existing provenance; actionable diagnostic; not a near-duplicate
53,fixcode,fix:lg:washer:door-wont-lock,symptom,/fixcode/lg/washer/door-wont-lock,lg washer door wont lock: causes & checks,,,33,40,33,REVIEW_REQUIRED,known brand with existing provenance; actionable diagnostic; not a near-duplicate
53,fixcode,fix:samsung:washer:too-many-suds,symptom,/fixcode/samsung/washer/too-many-suds,samsung washer too many suds: causes & checks,,,33,40,33,REVIEW_REQUIRED,known brand with existing provenance; actionable diagnostic; not a near-duplicate
53,fixcode,fix:samsung:dishwasher:not-filling,symptom,/fixcode/samsung/dishwasher/not-filling,samsung dishwasher not filling: causes & checks,,,33,40,33,REVIEW_REQUIRED,known brand with existing provenance; actionable diagnostic; not a near-duplicate
53,fixcode,fix:samsung:dishwasher:takes-too-long-to-fill,symptom,/fixcode/samsung/dishwasher/takes-too-long-to-fill,samsung dishwasher takes too long to fill: causes & checks,,,33,40,33,REVIEW_REQUIRED,known brand with existing provenance; actionable diagnostic; not a near-duplicate
53,fixcode,fix:samsung:dryer:not-drying,symptom,/fixcode/samsung/dryer/not-drying,samsung dryer not drying: causes & checks,,,33,40,33,REVIEW_REQUIRED,known brand with existing provenance; actionable diagnostic; not a near-duplicate
53,fixcode,fix:lg:washer:overfilling,symptom,/fixcode/lg/washer/overfilling,lg washer overfilling: causes & checks,,,33,40,33,REVIEW_REQUIRED,known brand with existing provenance; actionable diagnostic; not a near-duplicate
53,fixcode,fix:lg:washer:not-heating,symptom,/fixcode/lg/washer/not-heating,lg washer not heating: causes & checks,,,33,40,33,REVIEW_REQUIRED,known brand with existing provenance; actionable diagnostic; not a near-duplicate
53,fixcode,fix:lg:washer:dead-drum,symptom,/fixcode/lg/washer/dead-drum,lg washer dead drum: causes & checks,,,33,40,33,REVIEW_REQUIRED,known brand with existing provenance; actionable diagnostic; not a near-duplicate
53,fixcode,fix:lg:dishwasher:not-draining,symptom,/fixcode/lg/dishwasher/not-draining,lg dishwasher not draining: causes & checks,,,33,40,33,REVIEW_REQUIRED,known brand with existing provenance; actionable diagnostic; not a near-duplicate
53,fixcode,fix:lg:dishwasher:standing-water,symptom,/fixcode/lg/dishwasher/standing-water,lg dishwasher standing water: causes & checks,,,33,40,33,REVIEW_REQUIRED,known brand with existing provenance; actionable diagnostic; not a near-duplicate
53,fixcode,fix:lg:dishwasher:not-filling,symptom,/fixcode/lg/dishwasher/not-filling,lg dishwasher not filling: causes & checks,,,33,40,33,REVIEW_REQUIRED,known brand with existing provenance; actionable diagnostic; not a near-duplicate
53,fixcode,fix:lg:dishwasher:takes-too-long-to-fill,symptom,/fixcode/lg/dishwasher/takes-too-long-to-fill,lg dishwasher takes too long to fill: causes & checks,,,33,40,33,REVIEW_REQUIRED,known brand with existing provenance; actionable diagnostic; not a near-duplicate
53,fixcode,fix:lg:dishwasher:will-not-start,symptom,/fixcode/lg/dishwasher/will-not-start,lg dishwasher will not start: causes & checks,,,33,40,33,REVIEW_REQUIRED,known brand with existing provenance; actionable diagnostic; not a near-duplicate
52,fixcode,fix:samsung:washer:shakes,symptom,/fixcode/samsung/washer/shakes,samsung washer shakes: causes & checks,,,33,39,33,REVIEW_REQUIRED,known brand with existing provenance; actionable diagnostic; not a near-duplicate
52,fixcode,fix:samsung:washer:leaking,symptom,/fixcode/samsung/washer/leaking,samsung washer leaking: causes & checks,,,33,39,33,REVIEW_REQUIRED,known brand with existing provenance; actionable diagnostic; not a near-duplicate
52,fixcode,fix:samsung:washer:not-heating,symptom,/fixcode/samsung/washer/not-heating,samsung washer not heating: causes & checks,,,33,39,33,REVIEW_REQUIRED,known brand with existing provenance; actionable diagnostic; not a near-duplicate
52,fixcode,fix:samsung:washer:dead-drum,symptom,/fixcode/samsung/washer/dead-drum,samsung washer dead drum: causes & checks,,,33,39,33,REVIEW_REQUIRED,known brand with existing provenance; actionable diagnostic; not a near-duplicate
52,fixcode,fix:samsung:fridge:not-cooling,symptom,/fixcode/samsung/fridge/not-cooling,samsung fridge not cooling: causes & checks,,,33,39,33,REVIEW_REQUIRED,known brand with existing provenance; actionable diagnostic; not a near-duplicate
52,fixcode,fix:lg:dryer:not-drying,symptom,/fixcode/lg/dryer/not-drying,lg dryer not drying: causes & checks,,,33,39,33,REVIEW_REQUIRED,known brand with existing provenance; actionable diagnostic; not a near-duplicate
52,fixcode,fix:lg:dryer:takes-too-long,symptom,/fixcode/lg/dryer/takes-too-long,lg dryer takes too long: causes & checks,,,33,39,33,REVIEW_REQUIRED,known brand with existing provenance; actionable diagnostic; not a near-duplicate
52,fixcode,fix:samsung:washer:wont-start,symptom,/fixcode/samsung/washer/wont-start,samsung washer wont start: causes & checks,,,33,39,33,REVIEW_REQUIRED,known brand with existing provenance; actionable diagnostic; not a near-duplicate
52,fixcode,fix:samsung:dishwasher:overfilling,symptom,/fixcode/samsung/dishwasher/overfilling,samsung dishwasher overfilling: causes & checks,,,33,39,33,REVIEW_REQUIRED,known brand with existing provenance; actionable diagnostic; not a near-duplicate
52,fixcode,fix:samsung:dishwasher:leaking,symptom,/fixcode/samsung/dishwasher/leaking,samsung dishwasher leaking: causes & checks,,,33,39,33,REVIEW_REQUIRED,known brand with existing provenance; actionable diagnostic; not a near-duplicate
52,fixcode,fix:samsung:dishwasher:will-not-start,symptom,/fixcode/samsung/dishwasher/will-not-start,samsung dishwasher will not start: causes & checks,,,33,39,33,REVIEW_REQUIRED,known brand with existing provenance; actionable diagnostic; not a near-duplicate
52,fixcode,fix:samsung:dishwasher:not-heating,symptom,/fixcode/samsung/dishwasher/not-heating,samsung dishwasher not heating: causes & checks,,,33,39,33,REVIEW_REQUIRED,known brand with existing provenance; actionable diagnostic; not a near-duplicate
52,fixcode,fix:samsung:dishwasher:dishes-wet,symptom,/fixcode/samsung/dishwasher/dishes-wet,samsung dishwasher dishes wet: causes & checks,,,33,39,33,REVIEW_REQUIRED,known brand with existing provenance; actionable diagnostic; not a near-duplicate
52,fixcode,fix:samsung:dishwasher:wont-spin,symptom,/fixcode/samsung/dishwasher/wont-spin,samsung dishwasher wont spin: causes & checks,,,33,39,33,REVIEW_REQUIRED,known brand with existing provenance; actionable diagnostic; not a near-duplicate
52,fixcode,fix:samsung:dishwasher:dead-drum,symptom,/fixcode/samsung/dishwasher/dead-drum,samsung dishwasher dead drum: causes & checks,,,33,39,33,REVIEW_REQUIRED,known brand with existing provenance; actionable diagnostic; not a near-duplicate
52,fixcode,fix:samsung:dryer:door-wont-lock,symptom,/fixcode/samsung/dryer/door-wont-lock,samsung dryer door wont lock: causes & checks,,,33,39,33,REVIEW_REQUIRED,known brand with existing provenance; actionable diagnostic; not a near-duplicate
52,fixcode,fix:samsung:dryer:wont-spin,symptom,/fixcode/samsung/dryer/wont-spin,samsung dryer wont spin: causes & checks,,,33,39,33,REVIEW_REQUIRED,known brand with existing provenance; actionable diagnostic; not a near-duplicate
52,fixcode,fix:samsung:dryer:dead-drum,symptom,/fixcode/samsung/dryer/dead-drum,samsung dryer dead drum: causes & checks,,,33,39,33,REVIEW_REQUIRED,known brand with existing provenance; actionable diagnostic; not a near-duplicate
52,fixcode,fix:samsung:oven:not-heating,symptom,/fixcode/samsung/oven/not-heating,samsung oven not heating: causes & checks,,,33,39,33,REVIEW_REQUIRED,known brand with existing provenance; actionable diagnostic; not a near-duplicate
52,fixcode,fix:samsung:oven:door-wont-lock,symptom,/fixcode/samsung/oven/door-wont-lock,samsung oven door wont lock: causes & checks,,,33,39,33,REVIEW_REQUIRED,known brand with existing provenance; actionable diagnostic; not a near-duplicate
52,fixcode,fix:lg:washer:leaking,symptom,/fixcode/lg/washer/leaking,lg washer leaking: causes & checks,,,33,39,33,REVIEW_REQUIRED,known brand with existing provenance; actionable diagnostic; not a near-duplicate
52,fixcode,fix:lg:washer:wont-start,symptom,/fixcode/lg/washer/wont-start,lg washer wont start: causes & checks,,,33,39,33,REVIEW_REQUIRED,known brand with existing provenance; actionable diagnostic; not a near-duplicate
52,fixcode,fix:lg:washer:standing-water,symptom,/fixcode/lg/washer/standing-water,lg washer standing water: causes & checks,,,33,39,33,REVIEW_REQUIRED,known brand with existing provenance; actionable diagnostic; not a near-duplicate
52,fixcode,fix:lg:dishwasher:leaking,symptom,/fixcode/lg/dishwasher/leaking,lg dishwasher leaking: causes & checks,,,33,39,33,REVIEW_REQUIRED,known brand with existing provenance; actionable diagnostic; not a near-duplicate
52,fixcode,fix:lg:dishwasher:not-heating,symptom,/fixcode/lg/dishwasher/not-heating,lg dishwasher not heating: causes & checks,,,33,39,33,REVIEW_REQUIRED,known brand with existing provenance; actionable diagnostic; not a near-duplicate
52,fixcode,fix:lg:dishwasher:dishes-wet,symptom,/fixcode/lg/dishwasher/dishes-wet,lg dishwasher dishes wet: causes & checks,,,33,39,33,REVIEW_REQUIRED,known brand with existing provenance; actionable diagnostic; not a near-duplicate
52,fixcode,fix:lg:dishwasher:overfilling,symptom,/fixcode/lg/dishwasher/overfilling,lg dishwasher overfilling: causes & checks,,,33,39,33,REVIEW_REQUIRED,known brand with existing provenance; actionable diagnostic; not a near-duplicate
52,fixcode,fix:lg:dishwasher:wont-spin,symptom,/fixcode/lg/dishwasher/wont-spin,lg dishwasher wont spin: causes & checks,,,33,39,33,REVIEW_REQUIRED,known brand with existing provenance; actionable diagnostic; not a near-duplicate
52,fixcode,fix:lg:dishwasher:dead-drum,symptom,/fixcode/lg/dishwasher/dead-drum,lg dishwasher dead drum: causes & checks,,,33,39,33,REVIEW_REQUIRED,known brand with existing provenance; actionable diagnostic; not a near-duplicate
52,fixcode,fix:lg:dryer:door-wont-lock,symptom,/fixcode/lg/dryer/door-wont-lock,lg dryer door wont lock: causes & checks,,,33,39,33,REVIEW_REQUIRED,known brand with existing provenance; actionable diagnostic; not a near-duplicate
52,fixcode,fix:lg:fridge:not-cooling,symptom,/fixcode/lg/fridge/not-cooling,lg fridge not cooling: causes & checks,,,33,39,33,REVIEW_REQUIRED,known brand with existing provenance; actionable diagnostic; not a near-duplicate
52,fixcode,fix:hub:bosch,brand-hub,/fixcode/bosch,bosch appliance errors,,,100,54,100,GRAPH_ONLY,known brand with existing provenance; not a near-duplicate
52,fixcode,fix:hub:miele,brand-hub,/fixcode/miele,miele appliance errors,,,100,54,100,GRAPH_ONLY,known brand with existing provenance; not a near-duplicate
51,fixcode,fix:lg:washer:takes-too-long-to-fill,symptom,/fixcode/lg/washer/takes-too-long-to-fill,lg washer takes too long to fill: causes & checks,,,33,38,33,REVIEW_REQUIRED,known brand with existing provenance; actionable diagnostic; not a near-duplicate
47,fixcode,fix:hub:samsung:washer,appliance-hub,/fixcode/samsung/washer,samsung washer errors,,,47,49,47,GRAPH_ONLY,known brand with existing provenance; not a near-duplicate
47,fixcode,fix:hub:samsung:fridge,appliance-hub,/fixcode/samsung/fridge,samsung fridge errors,,,47,49,47,GRAPH_ONLY,known brand with existing provenance; not a near-duplicate
47,fixcode,fix:hub:samsung:dishwasher,appliance-hub,/fixcode/samsung/dishwasher,samsung dishwasher errors,,,47,49,47,GRAPH_ONLY,known brand with existing provenance; not a near-duplicate
47,fixcode,fix:hub:samsung:dryer,appliance-hub,/fixcode/samsung/dryer,samsung dryer errors,,,47,49,47,GRAPH_ONLY,known brand with existing provenance; not a near-duplicate
47,fixcode,fix:hub:samsung:oven,appliance-hub,/fixcode/samsung/oven,samsung oven errors,,,47,49,47,GRAPH_ONLY,known brand with existing provenance; not a near-duplicate
47,fixcode,fix:hub:lg:washer,appliance-hub,/fixcode/lg/washer,lg washer errors,,,47,49,47,GRAPH_ONLY,known brand with existing provenance; not a near-duplicate
47,fixcode,fix:hub:lg:dryer,appliance-hub,/fixcode/lg/dryer,lg dryer errors,,,47,49,47,GRAPH_ONLY,known brand with existing provenance; not a near-duplicate
47,fixcode,fix:hub:lg:dishwasher,appliance-hub,/fixcode/lg/dishwasher,lg dishwasher errors,,,47,49,47,GRAPH_ONLY,known brand with existing provenance; not a near-duplicate
46,autospec,veh:bmw:3-series:g20:320d-b47:oil,oil-type,/autospec/bmw/3-series/g20/320d-b47/oil,bmw 3-series g20 320d-b47 oil capacity,bmw 3-series g20 320d-b47 oil type,bmw 3-series g20 320d-b47 engine oil,47,68,47,REVIEW_REQUIRED,not a near-duplicate
46,autospec,veh:toyota:corolla:e210:1-8-hybrid:oil,oil-type,/autospec/toyota/corolla/e210/1-8-hybrid/oil,toyota corolla e210 1-8-hybrid oil capacity,toyota corolla e210 1-8-hybrid oil type,toyota corolla e210 1-8-hybrid engine oil,47,68,47,REVIEW_REQUIRED,not a near-duplicate
46,autospec,veh:honda:civic:11:1-5-vtec:oil,oil-type,/autospec/honda/civic/11/1-5-vtec/oil,honda civic 11 1-5-vtec oil capacity,honda civic 11 1-5-vtec oil type,honda civic 11 1-5-vtec engine oil,47,68,47,REVIEW_REQUIRED,not a near-duplicate
46,autospec,veh:mercedes:c-class:w206:c220d:oil,oil-type,/autospec/mercedes/c-class/w206/c220d/oil,mercedes c-class w206 c220d oil capacity,mercedes c-class w206 c220d oil type,mercedes c-class w206 c220d engine oil,47,68,47,REVIEW_REQUIRED,not a near-duplicate
46,autospec,veh:audi:a4:b9:2-0-tdi:oil,oil-type,/autospec/audi/a4/b9/2-0-tdi/oil,audi a4 b9 2-0-tdi oil capacity,audi a4 b9 2-0-tdi oil type,audi a4 b9 2-0-tdi engine oil,47,68,47,REVIEW_REQUIRED,not a near-duplicate
46,autospec,veh:hyundai:tucson:nx4:1-6-hybrid:oil,oil-type,/autospec/hyundai/tucson/nx4/1-6-hybrid/oil,hyundai tucson nx4 1-6-hybrid oil capacity,hyundai tucson nx4 1-6-hybrid oil type,hyundai tucson nx4 1-6-hybrid engine oil,47,68,47,REVIEW_REQUIRED,not a near-duplicate
46,autospec,veh:kia:sportage:nq5:1-6-hybrid:oil,oil-type,/autospec/kia/sportage/nq5/1-6-hybrid/oil,kia sportage nq5 1-6-hybrid oil capacity,kia sportage nq5 1-6-hybrid oil type,kia sportage nq5 1-6-hybrid engine oil,47,68,47,REVIEW_REQUIRED,not a near-duplicate
46,autospec,veh:volvo:xc60:t8:recharge:oil,oil-type,/autospec/volvo/xc60/spa/t8-recharge/oil,volvo xc60 t8 recharge oil capacity,volvo xc60 t8 recharge oil type,volvo xc60 t8 recharge engine oil,47,68,47,REVIEW_REQUIRED,not a near-duplicate
46,autospec,veh:toyota:rav4:xa50:hybrid:oil,oil-type,/autospec/toyota/rav4/xa50/2-5-hybrid/oil,toyota rav4 xa50 hybrid oil capacity,toyota rav4 xa50 hybrid oil type,toyota rav4 xa50 hybrid engine oil,47,68,47,REVIEW_REQUIRED,not a near-duplicate
46,autospec,veh:bmw:x5:g05:30d:oil,oil-type,/autospec/bmw/x5/g05/30d-b57/oil,bmw x5 g05 30d oil capacity,bmw x5 g05 30d oil type,bmw x5 g05 30d engine oil,47,68,47,REVIEW_REQUIRED,not a near-duplicate
46,autospec,veh:vw:polo:aw:1-0-tsi:oil,oil-type,/autospec/volkswagen/polo/aw/1-0-tsi/oil,vw polo aw 1-0-tsi oil capacity,vw polo aw 1-0-tsi oil type,vw polo aw 1-0-tsi engine oil,47,68,47,REVIEW_REQUIRED,not a near-duplicate
46,autospec,veh:honda:cr-v:rw:2-0-hybrid:oil,oil-type,/autospec/honda/cr-v/rw/2-0-hybrid/oil,honda cr-v rw 2-0-hybrid oil capacity,honda cr-v rw 2-0-hybrid oil type,honda cr-v rw 2-0-hybrid engine oil,47,68,47,REVIEW_REQUIRED,not a near-duplicate
46,wearthere,dest:paris:1,wear-month,/wearthere/paris/january/what-to-wear,what to wear in paris in january,paris january packing list,what clothes for paris january,47,68,47,GRAPH_ONLY,not a near-duplicate
46,wearthere,dest:paris:6,wear-month,/wearthere/paris/june/what-to-wear,what to wear in paris in june,paris june packing list,what clothes for paris june,47,68,47,GRAPH_ONLY,not a near-duplicate
46,wearthere,dest:tokyo:1,wear-month,/wearthere/tokyo/january/what-to-wear,what to wear in tokyo in january,tokyo january packing list,what clothes for tokyo january,47,68,47,GRAPH_ONLY,not a near-duplicate
46,wearthere,dest:tokyo:2,wear-month,/wearthere/tokyo/february/what-to-wear,what to wear in tokyo in february,tokyo february packing list,what clothes for tokyo february,47,68,47,GRAPH_ONLY,not a near-duplicate
46,wearthere,dest:tokyo:7,wear-month,/wearthere/tokyo/july/what-to-wear,what to wear in tokyo in july,tokyo july packing list,what clothes for tokyo july,47,68,47,GRAPH_ONLY,not a near-duplicate
46,wearthere,dest:tokyo:8,wear-month,/wearthere/tokyo/august/what-to-wear,what to wear in tokyo in august,tokyo august packing list,what clothes for tokyo august,47,68,47,GRAPH_ONLY,not a near-duplicate
46,wearthere,dest:new-york:1,wear-month,/wearthere/new-york/january/what-to-wear,what to wear in new york in january,new york january packing list,what clothes for new york january,47,68,47,GRAPH_ONLY,not a near-duplicate
46,wearthere,dest:new-york:2,wear-month,/wearthere/new-york/february/what-to-wear,what to wear in new york in february,new york february packing list,what clothes for new york february,47,68,47,GRAPH_ONLY,not a near-duplicate
46,wearthere,dest:new-york:7,wear-month,/wearthere/new-york/july/what-to-wear,what to wear in new york in july,new york july packing list,what clothes for new york july,47,68,47,GRAPH_ONLY,not a near-duplicate
46,wearthere,dest:new-york:8,wear-month,/wearthere/new-york/august/what-to-wear,what to wear in new york in august,new york august packing list,what clothes for new york august,47,68,47,GRAPH_ONLY,not a near-duplicate
46,wearthere,dest:london:3,wear-month,/wearthere/london/march/what-to-wear,what to wear in london in march,london march packing list,what clothes for london march,47,68,47,GRAPH_ONLY,not a near-duplicate
46,wearthere,dest:london:4,wear-month,/wearthere/london/april/what-to-wear,what to wear in london in april,london april packing list,what clothes for london april,47,68,47,GRAPH_ONLY,not a near-duplicate
46,wearthere,dest:london:6,wear-month,/wearthere/london/june/what-to-wear,what to wear in london in june,london june packing list,what clothes for london june,47,68,47,GRAPH_ONLY,not a near-duplicate
46,wearthere,dest:london:7,wear-month,/wearthere/london/july/what-to-wear,what to wear in london in july,london july packing list,what clothes for london july,47,68,47,GRAPH_ONLY,not a near-duplicate
46,wearthere,dest:london:8,wear-month,/wearthere/london/august/what-to-wear,what to wear in london in august,london august packing list,what clothes for london august,47,68,47,GRAPH_ONLY,not a near-duplicate
46,wearthere,dest:london:9,wear-month,/wearthere/london/september/what-to-wear,what to wear in london in september,london september packing list,what clothes for london september,47,68,47,GRAPH_ONLY,not a near-duplicate
46,wearthere,dest:barcelona:2,wear-month,/wearthere/barcelona/february/what-to-wear,what to wear in barcelona in february,barcelona february packing list,what clothes for barcelona february,47,68,47,GRAPH_ONLY,not a near-duplicate
46,wearthere,dest:barcelona:3,wear-month,/wearthere/barcelona/march/what-to-wear,what to wear in barcelona in march,barcelona march packing list,what clothes for barcelona march,47,68,47,GRAPH_ONLY,not a near-duplicate
46,wearthere,dest:barcelona:4,wear-month,/wearthere/barcelona/april/what-to-wear,what to wear in barcelona in april,barcelona april packing list,what clothes for barcelona april,47,68,47,GRAPH_ONLY,not a near-duplicate
46,wearthere,dest:barcelona:6,wear-month,/wearthere/barcelona/june/what-to-wear,what to wear in barcelona in june,barcelona june packing list,what clothes for barcelona june,47,68,47,GRAPH_ONLY,not a near-duplicate
46,wearthere,dest:barcelona:7,wear-month,/wearthere/barcelona/july/what-to-wear,what to wear in barcelona in july,barcelona july packing list,what clothes for barcelona july,47,68,47,GRAPH_ONLY,not a near-duplicate
46,wearthere,dest:barcelona:8,wear-month,/wearthere/barcelona/august/what-to-wear,what to wear in barcelona in august,barcelona august packing list,what clothes for barcelona august,47,68,47,GRAPH_ONLY,not a near-duplicate
46,wearthere,dest:reykjavik:1,wear-month,/wearthere/reykjavik/january/what-to-wear,what to wear in reykjavik in january,reykjavik january packing list,what clothes for reykjavik january,47,68,47,GRAPH_ONLY,not a near-duplicate
46,wearthere,dest:reykjavik:2,wear-month,/wearthere/reykjavik/february/what-to-wear,what to wear in reykjavik in february,reykjavik february packing list,what clothes for reykjavik february,47,68,47,GRAPH_ONLY,not a near-duplicate
46,wearthere,dest:reykjavik:3,wear-month,/wearthere/reykjavik/march/what-to-wear,what to wear in reykjavik in march,reykjavik march packing list,what clothes for reykjavik march,47,68,47,GRAPH_ONLY,not a near-duplicate
46,wearthere,dest:reykjavik:6,wear-month,/wearthere/reykjavik/june/what-to-wear,what to wear in reykjavik in june,reykjavik june packing list,what clothes for reykjavik june,47,68,47,GRAPH_ONLY,not a near-duplicate
46,wearthere,dest:reykjavik:7,wear-month,/wearthere/reykjavik/july/what-to-wear,what to wear in reykjavik in july,reykjavik july packing list,what clothes for reykjavik july,47,68,47,GRAPH_ONLY,not a near-duplicate
46,wearthere,dest:reykjavik:8,wear-month,/wearthere/reykjavik/august/what-to-wear,what to wear in reykjavik in august,reykjavik august packing list,what clothes for reykjavik august,47,68,47,GRAPH_ONLY,not a near-duplicate
46,wearthere,dest:reykjavik:9,wear-month,/wearthere/reykjavik/september/what-to-wear,what to wear in reykjavik in september,reykjavik september packing list,what clothes for reykjavik september,47,68,47,GRAPH_ONLY,not a near-duplicate
46,wearthere,dest:reykjavik:11,wear-month,/wearthere/reykjavik/november/what-to-wear,what to wear in reykjavik in november,reykjavik november packing list,what clothes for reykjavik november,47,68,47,GRAPH_ONLY,not a near-duplicate
46,wearthere,dest:reykjavik:12,wear-month,/wearthere/reykjavik/december/what-to-wear,what to wear in reykjavik in december,reykjavik december packing list,what clothes for reykjavik december,47,68,47,GRAPH_ONLY,not a near-duplicate
46,wearthere,dest:dubai:1,wear-month,/wearthere/dubai/january/what-to-wear,what to wear in dubai in january,dubai january packing list,what clothes for dubai january,47,68,47,GRAPH_ONLY,not a near-duplicate
46,wearthere,dest:dubai:2,wear-month,/wearthere/dubai/february/what-to-wear,what to wear in dubai in february,dubai february packing list,what clothes for dubai february,47,68,47,GRAPH_ONLY,not a near-duplicate
46,wearthere,dest:dubai:5,wear-month,/wearthere/dubai/may/what-to-wear,what to wear in dubai in may,dubai may packing list,what clothes for dubai may,47,68,47,GRAPH_ONLY,not a near-duplicate
46,wearthere,dest:dubai:6,wear-month,/wearthere/dubai/june/what-to-wear,what to wear in dubai in june,dubai june packing list,what clothes for dubai june,47,68,47,GRAPH_ONLY,not a near-duplicate
46,wearthere,dest:dubai:7,wear-month,/wearthere/dubai/july/what-to-wear,what to wear in dubai in july,dubai july packing list,what clothes for dubai july,47,68,47,GRAPH_ONLY,not a near-duplicate
46,wearthere,dest:dubai:8,wear-month,/wearthere/dubai/august/what-to-wear,what to wear in dubai in august,dubai august packing list,what clothes for dubai august,47,68,47,GRAPH_ONLY,not a near-duplicate
46,wearthere,dest:lisbon:1,wear-month,/wearthere/lisbon/january/what-to-wear,what to wear in lisbon in january,lisbon january packing list,what clothes for lisbon january,47,68,47,GRAPH_ONLY,not a near-duplicate
46,wearthere,dest:lisbon:2,wear-month,/wearthere/lisbon/february/what-to-wear,what to wear in lisbon in february,lisbon february packing list,what clothes for lisbon february,47,68,47,GRAPH_ONLY,not a near-duplicate
46,wearthere,dest:lisbon:3,wear-month,/wearthere/lisbon/march/what-to-wear,what to wear in lisbon in march,lisbon march packing list,what clothes for lisbon march,47,68,47,GRAPH_ONLY,not a near-duplicate
46,wearthere,dest:lisbon:4,wear-month,/wearthere/lisbon/april/what-to-wear,what to wear in lisbon in april,lisbon april packing list,what clothes for lisbon april,47,68,47,GRAPH_ONLY,not a near-duplicate
46,wearthere,dest:lisbon:5,wear-month,/wearthere/lisbon/may/what-to-wear,what to wear in lisbon in may,lisbon may packing list,what clothes for lisbon may,47,68,47,GRAPH_ONLY,not a near-duplicate
46,wearthere,dest:lisbon:6,wear-month,/wearthere/lisbon/june/what-to-wear,what to wear in lisbon in june,lisbon june packing list,what clothes for lisbon june,47,68,47,GRAPH_ONLY,not a near-duplicate
46,wearthere,dest:lisbon:11,wear-month,/wearthere/lisbon/november/what-to-wear,what to wear in lisbon in november,lisbon november packing list,what clothes for lisbon november,47,68,47,GRAPH_ONLY,not a near-duplicate
46,wearthere,dest:lisbon:12,wear-month,/wearthere/lisbon/december/what-to-wear,what to wear in lisbon in december,lisbon december packing list,what clothes for lisbon december,47,68,47,GRAPH_ONLY,not a near-duplicate
46,wearthere,dest:rome:1,wear-month,/wearthere/rome/january/what-to-wear,what to wear in rome in january,rome january packing list,what clothes for rome january,47,68,47,GRAPH_ONLY,not a near-duplicate
46,wearthere,dest:rome:2,wear-month,/wearthere/rome/february/what-to-wear,what to wear in rome in february,rome february packing list,what clothes for rome february,47,68,47,GRAPH_ONLY,not a near-duplicate
46,wearthere,dest:rome:3,wear-month,/wearthere/rome/march/what-to-wear,what to wear in rome in march,rome march packing list,what clothes for rome march,47,68,47,GRAPH_ONLY,not a near-duplicate
46,wearthere,dest:rome:7,wear-month,/wearthere/rome/july/what-to-wear,what to wear in rome in july,rome july packing list,what clothes for rome july,47,68,47,GRAPH_ONLY,not a near-duplicate
46,wearthere,dest:rome:8,wear-month,/wearthere/rome/august/what-to-wear,what to wear in rome in august,rome august packing list,what clothes for rome august,47,68,47,GRAPH_ONLY,not a near-duplicate
46,wearthere,dest:amsterdam:1,wear-month,/wearthere/amsterdam/january/what-to-wear,what to wear in amsterdam in january,amsterdam january packing list,what clothes for amsterdam january,47,68,47,GRAPH_ONLY,not a near-duplicate
46,wearthere,dest:amsterdam:2,wear-month,/wearthere/amsterdam/february/what-to-wear,what to wear in amsterdam in february,amsterdam february packing list,what clothes for amsterdam february,47,68,47,GRAPH_ONLY,not a near-duplicate
46,wearthere,dest:amsterdam:3,wear-month,/wearthere/amsterdam/march/what-to-wear,what to wear in amsterdam in march,amsterdam march packing list,what clothes for amsterdam march,47,68,47,GRAPH_ONLY,not a near-duplicate
46,wearthere,dest:amsterdam:5,wear-month,/wearthere/amsterdam/may/what-to-wear,what to wear in amsterdam in may,amsterdam may packing list,what clothes for amsterdam may,47,68,47,GRAPH_ONLY,not a near-duplicate
46,wearthere,dest:amsterdam:6,wear-month,/wearthere/amsterdam/june/what-to-wear,what to wear in amsterdam in june,amsterdam june packing list,what clothes for amsterdam june,47,68,47,GRAPH_ONLY,not a near-duplicate
46,wearthere,dest:amsterdam:7,wear-month,/wearthere/amsterdam/july/what-to-wear,what to wear in amsterdam in july,amsterdam july packing list,what clothes for amsterdam july,47,68,47,GRAPH_ONLY,not a near-duplicate
46,wearthere,dest:amsterdam:8,wear-month,/wearthere/amsterdam/august/what-to-wear,what to wear in amsterdam in august,amsterdam august packing list,what clothes for amsterdam august,47,68,47,GRAPH_ONLY,not a near-duplicate
46,wearthere,dest:amsterdam:9,wear-month,/wearthere/amsterdam/september/what-to-wear,what to wear in amsterdam in september,amsterdam september packing list,what clothes for amsterdam september,47,68,47,GRAPH_ONLY,not a near-duplicate
46,wearthere,dest:berlin:1,wear-month,/wearthere/berlin/january/what-to-wear,what to wear in berlin in january,berlin january packing list,what clothes for berlin january,47,68,47,GRAPH_ONLY,not a near-duplicate
46,wearthere,dest:berlin:2,wear-month,/wearthere/berlin/february/what-to-wear,what to wear in berlin in february,berlin february packing list,what clothes for berlin february,47,68,47,GRAPH_ONLY,not a near-duplicate
46,wearthere,dest:berlin:6,wear-month,/wearthere/berlin/june/what-to-wear,what to wear in berlin in june,berlin june packing list,what clothes for berlin june,47,68,47,GRAPH_ONLY,not a near-duplicate
46,wearthere,dest:berlin:7,wear-month,/wearthere/berlin/july/what-to-wear,what to wear in berlin in july,berlin july packing list,what clothes for berlin july,47,68,47,GRAPH_ONLY,not a near-duplicate
46,wearthere,dest:berlin:8,wear-month,/wearthere/berlin/august/what-to-wear,what to wear in berlin in august,berlin august packing list,what clothes for berlin august,47,68,47,GRAPH_ONLY,not a near-duplicate
46,wearthere,dest:madrid:1,wear-month,/wearthere/madrid/january/what-to-wear,what to wear in madrid in january,madrid january packing list,what clothes for madrid january,47,68,47,GRAPH_ONLY,not a near-duplicate
46,wearthere,dest:madrid:2,wear-month,/wearthere/madrid/february/what-to-wear,what to wear in madrid in february,madrid february packing list,what clothes for madrid february,47,68,47,GRAPH_ONLY,not a near-duplicate
46,wearthere,dest:madrid:3,wear-month,/wearthere/madrid/march/what-to-wear,what to wear in madrid in march,madrid march packing list,what clothes for madrid march,47,68,47,GRAPH_ONLY,not a near-duplicate
46,wearthere,dest:madrid:4,wear-month,/wearthere/madrid/april/what-to-wear,what to wear in madrid in april,madrid april packing list,what clothes for madrid april,47,68,47,GRAPH_ONLY,not a near-duplicate
46,wearthere,dest:madrid:7,wear-month,/wearthere/madrid/july/what-to-wear,what to wear in madrid in july,madrid july packing list,what clothes for madrid july,47,68,47,GRAPH_ONLY,not a near-duplicate
46,wearthere,dest:madrid:8,wear-month,/wearthere/madrid/august/what-to-wear,what to wear in madrid in august,madrid august packing list,what clothes for madrid august,47,68,47,GRAPH_ONLY,not a near-duplicate
46,wearthere,dest:madrid:11,wear-month,/wearthere/madrid/november/what-to-wear,what to wear in madrid in november,madrid november packing list,what clothes for madrid november,47,68,47,GRAPH_ONLY,not a near-duplicate
46,wearthere,dest:madrid:12,wear-month,/wearthere/madrid/december/what-to-wear,what to wear in madrid in december,madrid december packing list,what clothes for madrid december,47,68,47,GRAPH_ONLY,not a near-duplicate
46,wearthere,dest:seoul:7,wear-month,/wearthere/seoul/july/what-to-wear,what to wear in seoul in july,seoul july packing list,what clothes for seoul july,47,68,47,GRAPH_ONLY,not a near-duplicate
46,wearthere,dest:seoul:8,wear-month,/wearthere/seoul/august/what-to-wear,what to wear in seoul in august,seoul august packing list,what clothes for seoul august,47,68,47,GRAPH_ONLY,not a near-duplicate
46,wearthere,dest:singapore:8,wear-month,/wearthere/singapore/august/what-to-wear,what to wear in singapore in august,singapore august packing list,what clothes for singapore august,47,68,47,GRAPH_ONLY,not a near-duplicate
46,wearthere,dest:singapore:10,wear-month,/wearthere/singapore/october/what-to-wear,what to wear in singapore in october,singapore october packing list,what clothes for singapore october,47,68,47,GRAPH_ONLY,not a near-duplicate
46,wearthere,dest:singapore:11,wear-month,/wearthere/singapore/november/what-to-wear,what to wear in singapore in november,singapore november packing list,what clothes for singapore november,47,68,47,GRAPH_ONLY,not a near-duplicate
46,wearthere,dest:singapore:12,wear-month,/wearthere/singapore/december/what-to-wear,what to wear in singapore in december,singapore december packing list,what clothes for singapore december,47,68,47,GRAPH_ONLY,not a near-duplicate
46,wearthere,dest:sydney:1,wear-month,/wearthere/sydney/january/what-to-wear,what to wear in sydney in january,sydney january packing list,what clothes for sydney january,47,68,47,GRAPH_ONLY,not a near-duplicate
46,wearthere,dest:sydney:2,wear-month,/wearthere/sydney/february/what-to-wear,what to wear in sydney in february,sydney february packing list,what clothes for sydney february,47,68,47,GRAPH_ONLY,not a near-duplicate
46,wearthere,dest:sydney:3,wear-month,/wearthere/sydney/march/what-to-wear,what to wear in sydney in march,sydney march packing list,what clothes for sydney march,47,68,47,GRAPH_ONLY,not a near-duplicate
46,wearthere,dest:sydney:4,wear-month,/wearthere/sydney/april/what-to-wear,what to wear in sydney in april,sydney april packing list,what clothes for sydney april,47,68,47,GRAPH_ONLY,not a near-duplicate
46,wearthere,dest:sydney:6,wear-month,/wearthere/sydney/june/what-to-wear,what to wear in sydney in june,sydney june packing list,what clothes for sydney june,47,68,47,GRAPH_ONLY,not a near-duplicate
46,wearthere,dest:sydney:7,wear-month,/wearthere/sydney/july/what-to-wear,what to wear in sydney in july,sydney july packing list,what clothes for sydney july,47,68,47,GRAPH_ONLY,not a near-duplicate
46,wearthere,dest:sydney:8,wear-month,/wearthere/sydney/august/what-to-wear,what to wear in sydney in august,sydney august packing list,what clothes for sydney august,47,68,47,GRAPH_ONLY,not a near-duplicate
46,wearthere,dest:sydney:9,wear-month,/wearthere/sydney/september/what-to-wear,what to wear in sydney in september,sydney september packing list,what clothes for sydney september,47,68,47,GRAPH_ONLY,not a near-duplicate
46,wearthere,dest:sydney:10,wear-month,/wearthere/sydney/october/what-to-wear,what to wear in sydney in october,sydney october packing list,what clothes for sydney october,47,68,47,GRAPH_ONLY,not a near-duplicate
46,wearthere,dest:sydney:11,wear-month,/wearthere/sydney/november/what-to-wear,what to wear in sydney in november,sydney november packing list,what clothes for sydney november,47,68,47,GRAPH_ONLY,not a near-duplicate
46,wearthere,dest:sydney:12,wear-month,/wearthere/sydney/december/what-to-wear,what to wear in sydney in december,sydney december packing list,what clothes for sydney december,47,68,47,GRAPH_ONLY,not a near-duplicate
46,wearthere,dest:los-angeles:1,wear-month,/wearthere/los-angeles/january/what-to-wear,what to wear in los angeles in january,los angeles january packing list,what clothes for los angeles january,47,68,47,GRAPH_ONLY,not a near-duplicate
46,wearthere,dest:los-angeles:2,wear-month,/wearthere/los-angeles/february/what-to-wear,what to wear in los angeles in february,los angeles february packing list,what clothes for los angeles february,47,68,47,GRAPH_ONLY,not a near-duplicate
46,wearthere,dest:los-angeles:3,wear-month,/wearthere/los-angeles/march/what-to-wear,what to wear in los angeles in march,los angeles march packing list,what clothes for los angeles march,47,68,47,GRAPH_ONLY,not a near-duplicate
46,wearthere,dest:los-angeles:5,wear-month,/wearthere/los-angeles/may/what-to-wear,what to wear in los angeles in may,los angeles may packing list,what clothes for los angeles may,47,68,47,GRAPH_ONLY,not a near-duplicate
46,wearthere,dest:los-angeles:6,wear-month,/wearthere/los-angeles/june/what-to-wear,what to wear in los angeles in june,los angeles june packing list,what clothes for los angeles june,47,68,47,GRAPH_ONLY,not a near-duplicate
46,wearthere,dest:los-angeles:9,wear-month,/wearthere/los-angeles/september/what-to-wear,what to wear in los angeles in september,los angeles september packing list,what clothes for los angeles september,47,68,47,GRAPH_ONLY,not a near-duplicate
46,wearthere,dest:los-angeles:10,wear-month,/wearthere/los-angeles/october/what-to-wear,what to wear in los angeles in october,los angeles october packing list,what clothes for los angeles october,47,68,47,GRAPH_ONLY,not a near-duplicate
46,wearthere,dest:chicago:1,wear-month,/wearthere/chicago/january/what-to-wear,what to wear in chicago in january,chicago january packing list,what clothes for chicago january,47,68,47,GRAPH_ONLY,not a near-duplicate
46,wearthere,dest:chicago:2,wear-month,/wearthere/chicago/february/what-to-wear,what to wear in chicago in february,chicago february packing list,what clothes for chicago february,47,68,47,GRAPH_ONLY,not a near-duplicate
46,wearthere,dest:chicago:6,wear-month,/wearthere/chicago/june/what-to-wear,what to wear in chicago in june,chicago june packing list,what clothes for chicago june,47,68,47,GRAPH_ONLY,not a near-duplicate
46,wearthere,dest:chicago:7,wear-month,/wearthere/chicago/july/what-to-wear,what to wear in chicago in july,chicago july packing list,what clothes for chicago july,47,68,47,GRAPH_ONLY,not a near-duplicate
46,wearthere,dest:chicago:8,wear-month,/wearthere/chicago/august/what-to-wear,what to wear in chicago in august,chicago august packing list,what clothes for chicago august,47,68,47,GRAPH_ONLY,not a near-duplicate
46,wearthere,dest:toronto:1,wear-month,/wearthere/toronto/january/what-to-wear,what to wear in toronto in january,toronto january packing list,what clothes for toronto january,47,68,47,GRAPH_ONLY,not a near-duplicate
46,wearthere,dest:toronto:2,wear-month,/wearthere/toronto/february/what-to-wear,what to wear in toronto in february,toronto february packing list,what clothes for toronto february,47,68,47,GRAPH_ONLY,not a near-duplicate
46,wearthere,dest:toronto:7,wear-month,/wearthere/toronto/july/what-to-wear,what to wear in toronto in july,toronto july packing list,what clothes for toronto july,47,68,47,GRAPH_ONLY,not a near-duplicate
46,wearthere,dest:toronto:8,wear-month,/wearthere/toronto/august/what-to-wear,what to wear in toronto in august,toronto august packing list,what clothes for toronto august,47,68,47,GRAPH_ONLY,not a near-duplicate
46,wearthere,dest:dublin:2,wear-month,/wearthere/dublin/february/what-to-wear,what to wear in dublin in february,dublin february packing list,what clothes for dublin february,47,68,47,GRAPH_ONLY,not a near-duplicate
46,wearthere,dest:dublin:3,wear-month,/wearthere/dublin/march/what-to-wear,what to wear in dublin in march,dublin march packing list,what clothes for dublin march,47,68,47,GRAPH_ONLY,not a near-duplicate
46,wearthere,dest:dublin:4,wear-month,/wearthere/dublin/april/what-to-wear,what to wear in dublin in april,dublin april packing list,what clothes for dublin april,47,68,47,GRAPH_ONLY,not a near-duplicate
46,wearthere,dest:dublin:5,wear-month,/wearthere/dublin/may/what-to-wear,what to wear in dublin in may,dublin may packing list,what clothes for dublin may,47,68,47,GRAPH_ONLY,not a near-duplicate
46,wearthere,dest:dublin:6,wear-month,/wearthere/dublin/june/what-to-wear,what to wear in dublin in june,dublin june packing list,what clothes for dublin june,47,68,47,GRAPH_ONLY,not a near-duplicate
46,wearthere,dest:dublin:7,wear-month,/wearthere/dublin/july/what-to-wear,what to wear in dublin in july,dublin july packing list,what clothes for dublin july,47,68,47,GRAPH_ONLY,not a near-duplicate
46,wearthere,dest:dublin:9,wear-month,/wearthere/dublin/september/what-to-wear,what to wear in dublin in september,dublin september packing list,what clothes for dublin september,47,68,47,GRAPH_ONLY,not a near-duplicate
46,wearthere,dest:dublin:10,wear-month,/wearthere/dublin/october/what-to-wear,what to wear in dublin in october,dublin october packing list,what clothes for dublin october,47,68,47,GRAPH_ONLY,not a near-duplicate
46,wearthere,dest:dublin:11,wear-month,/wearthere/dublin/november/what-to-wear,what to wear in dublin in november,dublin november packing list,what clothes for dublin november,47,68,47,GRAPH_ONLY,not a near-duplicate
46,wearthere,dest:copenhagen:1,wear-month,/wearthere/copenhagen/january/what-to-wear,what to wear in copenhagen in january,copenhagen january packing list,what clothes for copenhagen january,47,68,47,GRAPH_ONLY,not a near-duplicate
46,wearthere,dest:copenhagen:2,wear-month,/wearthere/copenhagen/february/what-to-wear,what to wear in copenhagen in february,copenhagen february packing list,what clothes for copenhagen february,47,68,47,GRAPH_ONLY,not a near-duplicate
46,wearthere,dest:copenhagen:3,wear-month,/wearthere/copenhagen/march/what-to-wear,what to wear in copenhagen in march,copenhagen march packing list,what clothes for copenhagen march,47,68,47,GRAPH_ONLY,not a near-duplicate
46,wearthere,dest:copenhagen:6,wear-month,/wearthere/copenhagen/june/what-to-wear,what to wear in copenhagen in june,copenhagen june packing list,what clothes for copenhagen june,47,68,47,GRAPH_ONLY,not a near-duplicate
46,wearthere,dest:copenhagen:7,wear-month,/wearthere/copenhagen/july/what-to-wear,what to wear in copenhagen in july,copenhagen july packing list,what clothes for copenhagen july,47,68,47,GRAPH_ONLY,not a near-duplicate
46,wearthere,dest:copenhagen:8,wear-month,/wearthere/copenhagen/august/what-to-wear,what to wear in copenhagen in august,copenhagen august packing list,what clothes for copenhagen august,47,68,47,GRAPH_ONLY,not a near-duplicate
46,wearthere,dest:vienna:1,wear-month,/wearthere/vienna/january/what-to-wear,what to wear in vienna in january,vienna january packing list,what clothes for vienna january,47,68,47,GRAPH_ONLY,not a near-duplicate
46,wearthere,dest:vienna:2,wear-month,/wearthere/vienna/february/what-to-wear,what to wear in vienna in february,vienna february packing list,what clothes for vienna february,47,68,47,GRAPH_ONLY,not a near-duplicate
46,wearthere,dest:vienna:6,wear-month,/wearthere/vienna/june/what-to-wear,what to wear in vienna in june,vienna june packing list,what clothes for vienna june,47,68,47,GRAPH_ONLY,not a near-duplicate
46,wearthere,dest:vienna:7,wear-month,/wearthere/vienna/july/what-to-wear,what to wear in vienna in july,vienna july packing list,what clothes for vienna july,47,68,47,GRAPH_ONLY,not a near-duplicate
46,wearthere,dest:vienna:8,wear-month,/wearthere/vienna/august/what-to-wear,what to wear in vienna in august,vienna august packing list,what clothes for vienna august,47,68,47,GRAPH_ONLY,not a near-duplicate
46,wearthere,dest:prague:1,wear-month,/wearthere/prague/january/what-to-wear,what to wear in prague in january,prague january packing list,what clothes for prague january,47,68,47,GRAPH_ONLY,not a near-duplicate
46,wearthere,dest:prague:2,wear-month,/wearthere/prague/february/what-to-wear,what to wear in prague in february,prague february packing list,what clothes for prague february,47,68,47,GRAPH_ONLY,not a near-duplicate
46,wearthere,dest:prague:6,wear-month,/wearthere/prague/june/what-to-wear,what to wear in prague in june,prague june packing list,what clothes for prague june,47,68,47,GRAPH_ONLY,not a near-duplicate
46,wearthere,dest:prague:7,wear-month,/wearthere/prague/july/what-to-wear,what to wear in prague in july,prague july packing list,what clothes for prague july,47,68,47,GRAPH_ONLY,not a near-duplicate
46,wearthere,dest:prague:8,wear-month,/wearthere/prague/august/what-to-wear,what to wear in prague in august,prague august packing list,what clothes for prague august,47,68,47,GRAPH_ONLY,not a near-duplicate
46,wearthere,dest:bangkok:1,wear-month,/wearthere/bangkok/january/what-to-wear,what to wear in bangkok in january,bangkok january packing list,what clothes for bangkok january,47,68,47,GRAPH_ONLY,not a near-duplicate
46,wearthere,dest:bangkok:2,wear-month,/wearthere/bangkok/february/what-to-wear,what to wear in bangkok in february,bangkok february packing list,what clothes for bangkok february,47,68,47,GRAPH_ONLY,not a near-duplicate
46,wearthere,dest:bangkok:3,wear-month,/wearthere/bangkok/march/what-to-wear,what to wear in bangkok in march,bangkok march packing list,what clothes for bangkok march,47,68,47,GRAPH_ONLY,not a near-duplicate
46,wearthere,dest:bangkok:4,wear-month,/wearthere/bangkok/april/what-to-wear,what to wear in bangkok in april,bangkok april packing list,what clothes for bangkok april,47,68,47,GRAPH_ONLY,not a near-duplicate
46,wearthere,dest:bangkok:5,wear-month,/wearthere/bangkok/may/what-to-wear,what to wear in bangkok in may,bangkok may packing list,what clothes for bangkok may,47,68,47,GRAPH_ONLY,not a near-duplicate
46,wearthere,dest:bangkok:6,wear-month,/wearthere/bangkok/june/what-to-wear,what to wear in bangkok in june,bangkok june packing list,what clothes for bangkok june,47,68,47,GRAPH_ONLY,not a near-duplicate
46,wearthere,dest:bangkok:7,wear-month,/wearthere/bangkok/july/what-to-wear,what to wear in bangkok in july,bangkok july packing list,what clothes for bangkok july,47,68,47,GRAPH_ONLY,not a near-duplicate
46,wearthere,dest:bangkok:8,wear-month,/wearthere/bangkok/august/what-to-wear,what to wear in bangkok in august,bangkok august packing list,what clothes for bangkok august,47,68,47,GRAPH_ONLY,not a near-duplicate
46,wearthere,dest:bangkok:9,wear-month,/wearthere/bangkok/september/what-to-wear,what to wear in bangkok in september,bangkok september packing list,what clothes for bangkok september,47,68,47,GRAPH_ONLY,not a near-duplicate
46,wearthere,dest:bangkok:10,wear-month,/wearthere/bangkok/october/what-to-wear,what to wear in bangkok in october,bangkok october packing list,what clothes for bangkok october,47,68,47,GRAPH_ONLY,not a near-duplicate
46,wearthere,dest:marrakech:1,wear-month,/wearthere/marrakech/january/what-to-wear,what to wear in marrakech in january,marrakech january packing list,what clothes for marrakech january,47,68,47,GRAPH_ONLY,not a near-duplicate
46,wearthere,dest:marrakech:2,wear-month,/wearthere/marrakech/february/what-to-wear,what to wear in marrakech in february,marrakech february packing list,what clothes for marrakech february,47,68,47,GRAPH_ONLY,not a near-duplicate
46,wearthere,dest:marrakech:3,wear-month,/wearthere/marrakech/march/what-to-wear,what to wear in marrakech in march,marrakech march packing list,what clothes for marrakech march,47,68,47,GRAPH_ONLY,not a near-duplicate
46,wearthere,dest:marrakech:4,wear-month,/wearthere/marrakech/april/what-to-wear,what to wear in marrakech in april,marrakech april packing list,what clothes for marrakech april,47,68,47,GRAPH_ONLY,not a near-duplicate
46,wearthere,dest:istanbul:1,wear-month,/wearthere/istanbul/january/what-to-wear,what to wear in istanbul in january,istanbul january packing list,what clothes for istanbul january,47,68,47,GRAPH_ONLY,not a near-duplicate
46,wearthere,dest:istanbul:2,wear-month,/wearthere/istanbul/february/what-to-wear,what to wear in istanbul in february,istanbul february packing list,what clothes for istanbul february,47,68,47,GRAPH_ONLY,not a near-duplicate
46,wearthere,dest:istanbul:3,wear-month,/wearthere/istanbul/march/what-to-wear,what to wear in istanbul in march,istanbul march packing list,what clothes for istanbul march,47,68,47,GRAPH_ONLY,not a near-duplicate
46,wearthere,dest:istanbul:6,wear-month,/wearthere/istanbul/june/what-to-wear,what to wear in istanbul in june,istanbul june packing list,what clothes for istanbul june,47,68,47,GRAPH_ONLY,not a near-duplicate
46,wearthere,dest:istanbul:7,wear-month,/wearthere/istanbul/july/what-to-wear,what to wear in istanbul in july,istanbul july packing list,what clothes for istanbul july,47,68,47,GRAPH_ONLY,not a near-duplicate
46,wearthere,dest:istanbul:8,wear-month,/wearthere/istanbul/august/what-to-wear,what to wear in istanbul in august,istanbul august packing list,what clothes for istanbul august,47,68,47,GRAPH_ONLY,not a near-duplicate
46,wearthere,dest:hong-kong:1,wear-month,/wearthere/hong-kong/january/what-to-wear,what to wear in hong kong in january,hong kong january packing list,what clothes for hong kong january,47,68,47,GRAPH_ONLY,not a near-duplicate
46,wearthere,dest:hong-kong:2,wear-month,/wearthere/hong-kong/february/what-to-wear,what to wear in hong kong in february,hong kong february packing list,what clothes for hong kong february,47,68,47,GRAPH_ONLY,not a near-duplicate
46,wearthere,dest:hong-kong:3,wear-month,/wearthere/hong-kong/march/what-to-wear,what to wear in hong kong in march,hong kong march packing list,what clothes for hong kong march,47,68,47,GRAPH_ONLY,not a near-duplicate
46,wearthere,dest:hong-kong:6,wear-month,/wearthere/hong-kong/june/what-to-wear,what to wear in hong kong in june,hong kong june packing list,what clothes for hong kong june,47,68,47,GRAPH_ONLY,not a near-duplicate
46,wearthere,dest:hong-kong:7,wear-month,/wearthere/hong-kong/july/what-to-wear,what to wear in hong kong in july,hong kong july packing list,what clothes for hong kong july,47,68,47,GRAPH_ONLY,not a near-duplicate
46,wearthere,dest:hong-kong:8,wear-month,/wearthere/hong-kong/august/what-to-wear,what to wear in hong kong in august,hong kong august packing list,what clothes for hong kong august,47,68,47,GRAPH_ONLY,not a near-duplicate
46,wearthere,dest:hong-kong:10,wear-month,/wearthere/hong-kong/october/what-to-wear,what to wear in hong kong in october,hong kong october packing list,what clothes for hong kong october,47,68,47,GRAPH_ONLY,not a near-duplicate
46,wearthere,dest:miami:1,wear-month,/wearthere/miami/january/what-to-wear,what to wear in miami in january,miami january packing list,what clothes for miami january,47,68,47,GRAPH_ONLY,not a near-duplicate
46,wearthere,dest:miami:2,wear-month,/wearthere/miami/february/what-to-wear,what to wear in miami in february,miami february packing list,what clothes for miami february,47,68,47,GRAPH_ONLY,not a near-duplicate
46,wearthere,dest:miami:3,wear-month,/wearthere/miami/march/what-to-wear,what to wear in miami in march,miami march packing list,what clothes for miami march,47,68,47,GRAPH_ONLY,not a near-duplicate
46,wearthere,dest:miami:4,wear-month,/wearthere/miami/april/what-to-wear,what to wear in miami in april,miami april packing list,what clothes for miami april,47,68,47,GRAPH_ONLY,not a near-duplicate
46,wearthere,dest:miami:6,wear-month,/wearthere/miami/june/what-to-wear,what to wear in miami in june,miami june packing list,what clothes for miami june,47,68,47,GRAPH_ONLY,not a near-duplicate
46,wearthere,dest:miami:7,wear-month,/wearthere/miami/july/what-to-wear,what to wear in miami in july,miami july packing list,what clothes for miami july,47,68,47,GRAPH_ONLY,not a near-duplicate
46,wearthere,dest:miami:8,wear-month,/wearthere/miami/august/what-to-wear,what to wear in miami in august,miami august packing list,what clothes for miami august,47,68,47,GRAPH_ONLY,not a near-duplicate
46,wearthere,dest:miami:9,wear-month,/wearthere/miami/september/what-to-wear,what to wear in miami in september,miami september packing list,what clothes for miami september,47,68,47,GRAPH_ONLY,not a near-duplicate
46,wearthere,dest:miami:11,wear-month,/wearthere/miami/november/what-to-wear,what to wear in miami in november,miami november packing list,what clothes for miami november,47,68,47,GRAPH_ONLY,not a near-duplicate
46,wearthere,dest:miami:12,wear-month,/wearthere/miami/december/what-to-wear,what to wear in miami in december,miami december packing list,what clothes for miami december,47,68,47,GRAPH_ONLY,not a near-duplicate
46,wearthere,dest:osaka:1,wear-month,/wearthere/osaka/january/what-to-wear,what to wear in osaka in january,osaka january packing list,what clothes for osaka january,47,68,47,GRAPH_ONLY,not a near-duplicate
46,wearthere,dest:osaka:2,wear-month,/wearthere/osaka/february/what-to-wear,what to wear in osaka in february,osaka february packing list,what clothes for osaka february,47,68,47,GRAPH_ONLY,not a near-duplicate
46,wearthere,dest:osaka:7,wear-month,/wearthere/osaka/july/what-to-wear,what to wear in osaka in july,osaka july packing list,what clothes for osaka july,47,68,47,GRAPH_ONLY,not a near-duplicate
46,wearthere,dest:osaka:8,wear-month,/wearthere/osaka/august/what-to-wear,what to wear in osaka in august,osaka august packing list,what clothes for osaka august,47,68,47,GRAPH_ONLY,not a near-duplicate
46,wearthere,dest:vancouver:2,wear-month,/wearthere/vancouver/february/what-to-wear,what to wear in vancouver in february,vancouver february packing list,what clothes for vancouver february,47,68,47,GRAPH_ONLY,not a near-duplicate
46,wearthere,dest:vancouver:3,wear-month,/wearthere/vancouver/march/what-to-wear,what to wear in vancouver in march,vancouver march packing list,what clothes for vancouver march,47,68,47,GRAPH_ONLY,not a near-duplicate
46,wearthere,dest:vancouver:4,wear-month,/wearthere/vancouver/april/what-to-wear,what to wear in vancouver in april,vancouver april packing list,what clothes for vancouver april,47,68,47,GRAPH_ONLY,not a near-duplicate
46,wearthere,dest:vancouver:6,wear-month,/wearthere/vancouver/june/what-to-wear,what to wear in vancouver in june,vancouver june packing list,what clothes for vancouver june,47,68,47,GRAPH_ONLY,not a near-duplicate
46,wearthere,dest:vancouver:7,wear-month,/wearthere/vancouver/july/what-to-wear,what to wear in vancouver in july,vancouver july packing list,what clothes for vancouver july,47,68,47,GRAPH_ONLY,not a near-duplicate
46,wearthere,dest:vancouver:8,wear-month,/wearthere/vancouver/august/what-to-wear,what to wear in vancouver in august,vancouver august packing list,what clothes for vancouver august,47,68,47,GRAPH_ONLY,not a near-duplicate
46,wearthere,dest:edinburgh:2,wear-month,/wearthere/edinburgh/february/what-to-wear,what to wear in edinburgh in february,edinburgh february packing list,what clothes for edinburgh february,47,68,47,GRAPH_ONLY,not a near-duplicate
46,wearthere,dest:edinburgh:3,wear-month,/wearthere/edinburgh/march/what-to-wear,what to wear in edinburgh in march,edinburgh march packing list,what clothes for edinburgh march,47,68,47,GRAPH_ONLY,not a near-duplicate
46,wearthere,dest:edinburgh:4,wear-month,/wearthere/edinburgh/april/what-to-wear,what to wear in edinburgh in april,edinburgh april packing list,what clothes for edinburgh april,47,68,47,GRAPH_ONLY,not a near-duplicate
46,wearthere,dest:edinburgh:5,wear-month,/wearthere/edinburgh/may/what-to-wear,what to wear in edinburgh in may,edinburgh may packing list,what clothes for edinburgh may,47,68,47,GRAPH_ONLY,not a near-duplicate
46,wearthere,dest:edinburgh:6,wear-month,/wearthere/edinburgh/june/what-to-wear,what to wear in edinburgh in june,edinburgh june packing list,what clothes for edinburgh june,47,68,47,GRAPH_ONLY,not a near-duplicate
46,wearthere,dest:edinburgh:9,wear-month,/wearthere/edinburgh/september/what-to-wear,what to wear in edinburgh in september,edinburgh september packing list,what clothes for edinburgh september,47,68,47,GRAPH_ONLY,not a near-duplicate
46,wearthere,dest:edinburgh:11,wear-month,/wearthere/edinburgh/november/what-to-wear,what to wear in edinburgh in november,edinburgh november packing list,what clothes for edinburgh november,47,68,47,GRAPH_ONLY,not a near-duplicate
46,wearthere,dest:florence:1,wear-month,/wearthere/florence/january/what-to-wear,what to wear in florence in january,florence january packing list,what clothes for florence january,47,68,47,GRAPH_ONLY,not a near-duplicate
46,wearthere,dest:florence:2,wear-month,/wearthere/florence/february/what-to-wear,what to wear in florence in february,florence february packing list,what clothes for florence february,47,68,47,GRAPH_ONLY,not a near-duplicate
46,wearthere,dest:florence:3,wear-month,/wearthere/florence/march/what-to-wear,what to wear in florence in march,florence march packing list,what clothes for florence march,47,68,47,GRAPH_ONLY,not a near-duplicate
46,wearthere,dest:florence:6,wear-month,/wearthere/florence/june/what-to-wear,what to wear in florence in june,florence june packing list,what clothes for florence june,47,68,47,GRAPH_ONLY,not a near-duplicate
46,wearthere,dest:florence:7,wear-month,/wearthere/florence/july/what-to-wear,what to wear in florence in july,florence july packing list,what clothes for florence july,47,68,47,GRAPH_ONLY,not a near-duplicate
46,wearthere,dest:florence:8,wear-month,/wearthere/florence/august/what-to-wear,what to wear in florence in august,florence august packing list,what clothes for florence august,47,68,47,GRAPH_ONLY,not a near-duplicate
46,wearthere,dest:cape-town:1,wear-month,/wearthere/cape-town/january/what-to-wear,what to wear in cape town in january,cape town january packing list,what clothes for cape town january,47,68,47,GRAPH_ONLY,not a near-duplicate
46,wearthere,dest:cape-town:2,wear-month,/wearthere/cape-town/february/what-to-wear,what to wear in cape town in february,cape town february packing list,what clothes for cape town february,47,68,47,GRAPH_ONLY,not a near-duplicate
46,wearthere,dest:cape-town:3,wear-month,/wearthere/cape-town/march/what-to-wear,what to wear in cape town in march,cape town march packing list,what clothes for cape town march,47,68,47,GRAPH_ONLY,not a near-duplicate
46,wearthere,dest:cape-town:4,wear-month,/wearthere/cape-town/april/what-to-wear,what to wear in cape town in april,cape town april packing list,what clothes for cape town april,47,68,47,GRAPH_ONLY,not a near-duplicate
46,wearthere,dest:cape-town:5,wear-month,/wearthere/cape-town/may/what-to-wear,what to wear in cape town in may,cape town may packing list,what clothes for cape town may,47,68,47,GRAPH_ONLY,not a near-duplicate
46,wearthere,dest:cape-town:7,wear-month,/wearthere/cape-town/july/what-to-wear,what to wear in cape town in july,cape town july packing list,what clothes for cape town july,47,68,47,GRAPH_ONLY,not a near-duplicate
46,wearthere,dest:cape-town:9,wear-month,/wearthere/cape-town/september/what-to-wear,what to wear in cape town in september,cape town september packing list,what clothes for cape town september,47,68,47,GRAPH_ONLY,not a near-duplicate
46,wearthere,dest:cape-town:10,wear-month,/wearthere/cape-town/october/what-to-wear,what to wear in cape town in october,cape town october packing list,what clothes for cape town october,47,68,47,GRAPH_ONLY,not a near-duplicate
46,wearthere,dest:cape-town:11,wear-month,/wearthere/cape-town/november/what-to-wear,what to wear in cape town in november,cape town november packing list,what clothes for cape town november,47,68,47,GRAPH_ONLY,not a near-duplicate
46,wearthere,dest:cape-town:12,wear-month,/wearthere/cape-town/december/what-to-wear,what to wear in cape town in december,cape town december packing list,what clothes for cape town december,47,68,47,GRAPH_ONLY,not a near-duplicate
45,autospec,veh:vw:golf:mk8:2-0-tdi:oil,oil-type,/autospec/volkswagen/golf/mk8/2-0-tdi/oil,vw golf mk8 2-0-tdi oil capacity,vw golf mk8 2-0-tdi oil type,vw golf mk8 2-0-tdi engine oil,33,67,33,REVIEW_REQUIRED,not a near-duplicate
45,autospec,veh:peugeot:208:p21:1-2-puretech:oil,oil-type,/autospec/peugeot/208/p21/1-2-puretech/oil,peugeot 208 p21 1-2-puretech oil capacity,peugeot 208 p21 1-2-puretech oil type,peugeot 208 p21 1-2-puretech engine oil,33,67,33,REVIEW_REQUIRED,not a near-duplicate
45,autospec,veh:renault:clio:v:1-0-tce:oil,oil-type,/autospec/renault/clio/5/1-0-tce/oil,renault clio v 1-0-tce oil capacity,renault clio v 1-0-tce oil type,renault clio v 1-0-tce engine oil,33,67,33,REVIEW_REQUIRED,not a near-duplicate
45,autospec,veh:ford:focus:mk4:1-0-ecoboost:oil,oil-type,/autospec/ford/focus/mk4/1-0-ecoboost/oil,ford focus mk4 1-0-ecoboost oil capacity,ford focus mk4 1-0-ecoboost oil type,ford focus mk4 1-0-ecoboost engine oil,33,67,33,REVIEW_REQUIRED,not a near-duplicate
45,autospec,veh:peugeot:308:t9:1-2-puretech:oil,oil-type,/autospec/peugeot/308/t9/1-2-puretech/oil,peugeot 308 t9 1-2-puretech oil capacity,peugeot 308 t9 1-2-puretech oil type,peugeot 308 t9 1-2-puretech engine oil,33,67,33,REVIEW_REQUIRED,not a near-duplicate
45,autospec,veh:nissan:qashqai:j12:1-3-digt:oil,oil-type,/autospec/nissan/qashqai/j12/1-3-digt/oil,nissan qashqai j12 1-3-digt oil capacity,nissan qashqai j12 1-3-digt oil type,nissan qashqai j12 1-3-digt engine oil,33,67,33,REVIEW_REQUIRED,not a near-duplicate
44,fixcode,fix:hub:samsung,brand-hub,/fixcode/samsung,samsung appliance errors,,,47,46,47,GRAPH_ONLY,known brand with existing provenance; not a near-duplicate
44,fixcode,fix:hub:lg,brand-hub,/fixcode/lg,lg appliance errors,,,47,46,47,GRAPH_ONLY,known brand with existing provenance; not a near-duplicate
42,fixcode,fix:hub:lg:fridge,appliance-hub,/fixcode/lg/fridge,lg fridge errors,,,47,44,47,GRAPH_ONLY,known brand with existing provenance; not a near-duplicate
38,wearthere,dest:paris:2,wear-month,/wearthere/paris/february/what-to-wear,what to wear in paris in february,paris february packing list,what clothes for paris february,47,68,47,GRAPH_ONLY,GRAPH_ONLY
38,wearthere,dest:paris:7,wear-month,/wearthere/paris/july/what-to-wear,what to wear in paris in july,paris july packing list,what clothes for paris july,47,68,47,GRAPH_ONLY,GRAPH_ONLY
38,wearthere,dest:paris:8,wear-month,/wearthere/paris/august/what-to-wear,what to wear in paris in august,paris august packing list,what clothes for paris august,47,68,47,GRAPH_ONLY,GRAPH_ONLY
38,wearthere,dest:london:1,wear-month,/wearthere/london/january/what-to-wear,what to wear in london in january,london january packing list,what clothes for london january,47,68,47,GRAPH_ONLY,GRAPH_ONLY
38,wearthere,dest:london:2,wear-month,/wearthere/london/february/what-to-wear,what to wear in london in february,london february packing list,what clothes for london february,47,68,47,GRAPH_ONLY,GRAPH_ONLY
38,wearthere,dest:barcelona:1,wear-month,/wearthere/barcelona/january/what-to-wear,what to wear in barcelona in january,barcelona january packing list,what clothes for barcelona january,47,68,47,GRAPH_ONLY,GRAPH_ONLY
38,wearthere,dest:lisbon:7,wear-month,/wearthere/lisbon/july/what-to-wear,what to wear in lisbon in july,lisbon july packing list,what clothes for lisbon july,47,68,47,GRAPH_ONLY,GRAPH_ONLY
38,wearthere,dest:lisbon:8,wear-month,/wearthere/lisbon/august/what-to-wear,what to wear in lisbon in august,lisbon august packing list,what clothes for lisbon august,47,68,47,GRAPH_ONLY,GRAPH_ONLY
38,wearthere,dest:singapore:3,wear-month,/wearthere/singapore/march/what-to-wear,what to wear in singapore in march,singapore march packing list,what clothes for singapore march,47,68,47,GRAPH_ONLY,GRAPH_ONLY
38,wearthere,dest:singapore:4,wear-month,/wearthere/singapore/april/what-to-wear,what to wear in singapore in april,singapore april packing list,what clothes for singapore april,47,68,47,GRAPH_ONLY,GRAPH_ONLY
38,wearthere,dest:singapore:5,wear-month,/wearthere/singapore/may/what-to-wear,what to wear in singapore in may,singapore may packing list,what clothes for singapore may,47,68,47,GRAPH_ONLY,GRAPH_ONLY
38,wearthere,dest:singapore:6,wear-month,/wearthere/singapore/june/what-to-wear,what to wear in singapore in june,singapore june packing list,what clothes for singapore june,47,68,47,GRAPH_ONLY,GRAPH_ONLY
38,wearthere,dest:singapore:7,wear-month,/wearthere/singapore/july/what-to-wear,what to wear in singapore in july,singapore july packing list,what clothes for singapore july,47,68,47,GRAPH_ONLY,GRAPH_ONLY
38,wearthere,dest:singapore:9,wear-month,/wearthere/singapore/september/what-to-wear,what to wear in singapore in september,singapore september packing list,what clothes for singapore september,47,68,47,GRAPH_ONLY,GRAPH_ONLY
38,wearthere,dest:los-angeles:4,wear-month,/wearthere/los-angeles/april/what-to-wear,what to wear in los angeles in april,los angeles april packing list,what clothes for los angeles april,47,68,47,GRAPH_ONLY,GRAPH_ONLY
38,wearthere,dest:los-angeles:7,wear-month,/wearthere/los-angeles/july/what-to-wear,what to wear in los angeles in july,los angeles july packing list,what clothes for los angeles july,47,68,47,GRAPH_ONLY,GRAPH_ONLY
38,wearthere,dest:los-angeles:8,wear-month,/wearthere/los-angeles/august/what-to-wear,what to wear in los angeles in august,los angeles august packing list,what clothes for los angeles august,47,68,47,GRAPH_ONLY,GRAPH_ONLY
38,wearthere,dest:dublin:1,wear-month,/wearthere/dublin/january/what-to-wear,what to wear in dublin in january,dublin january packing list,what clothes for dublin january,47,68,47,GRAPH_ONLY,GRAPH_ONLY
38,wearthere,dest:dublin:8,wear-month,/wearthere/dublin/august/what-to-wear,what to wear in dublin in august,dublin august packing list,what clothes for dublin august,47,68,47,GRAPH_ONLY,GRAPH_ONLY
38,wearthere,dest:dublin:12,wear-month,/wearthere/dublin/december/what-to-wear,what to wear in dublin in december,dublin december packing list,what clothes for dublin december,47,68,47,GRAPH_ONLY,GRAPH_ONLY
38,wearthere,dest:marrakech:7,wear-month,/wearthere/marrakech/july/what-to-wear,what to wear in marrakech in july,marrakech july packing list,what clothes for marrakech july,47,68,47,GRAPH_ONLY,GRAPH_ONLY
38,wearthere,dest:marrakech:8,wear-month,/wearthere/marrakech/august/what-to-wear,what to wear in marrakech in august,marrakech august packing list,what clothes for marrakech august,47,68,47,GRAPH_ONLY,GRAPH_ONLY
38,wearthere,dest:edinburgh:1,wear-month,/wearthere/edinburgh/january/what-to-wear,what to wear in edinburgh in january,edinburgh january packing list,what clothes for edinburgh january,47,68,47,GRAPH_ONLY,GRAPH_ONLY
38,wearthere,dest:edinburgh:7,wear-month,/wearthere/edinburgh/july/what-to-wear,what to wear in edinburgh in july,edinburgh july packing list,what clothes for edinburgh july,47,68,47,GRAPH_ONLY,GRAPH_ONLY
38,wearthere,dest:edinburgh:8,wear-month,/wearthere/edinburgh/august/what-to-wear,what to wear in edinburgh in august,edinburgh august packing list,what clothes for edinburgh august,47,68,47,GRAPH_ONLY,GRAPH_ONLY
38,wearthere,dest:edinburgh:12,wear-month,/wearthere/edinburgh/december/what-to-wear,what to wear in edinburgh in december,edinburgh december packing list,what clothes for edinburgh december,47,68,47,GRAPH_ONLY,GRAPH_ONLY
38,wearthere,dest:cape-town:6,wear-month,/wearthere/cape-town/june/what-to-wear,what to wear in cape town in june,cape town june packing list,what clothes for cape town june,47,68,47,GRAPH_ONLY,GRAPH_ONLY
38,wearthere,dest:cape-town:8,wear-month,/wearthere/cape-town/august/what-to-wear,what to wear in cape town in august,cape town august packing list,what clothes for cape town august,47,68,47,GRAPH_ONLY,GRAPH_ONLY
31,chargematch,dev:iphone-16,device-hub,/chargematch/iphone-16,iphone-16 charger wattage,iphone-16 max charging wattage,best charger for iphone-16,47,53,47,GRAPH_ONLY,not a near-duplicate
31,chargematch,dev:iphone-15,device-hub,/chargematch/iphone-15,iphone-15 charger wattage,iphone-15 max charging wattage,best charger for iphone-15,47,53,47,GRAPH_ONLY,not a near-duplicate
31,chargematch,dev:mba-m3-13,device-hub,/chargematch/macbook-air-13-m3,macbook-air-13-m3 charger wattage,macbook-air-13-m3 max charging wattage,best charger for macbook-air-13-m3,47,53,47,GRAPH_ONLY,not a near-duplicate
31,chargematch,dev:mbp-14,device-hub,/chargematch/macbook-pro-14-m3,macbook-pro-14-m3 charger wattage,macbook-pro-14-m3 max charging wattage,best charger for macbook-pro-14-m3,47,53,47,GRAPH_ONLY,not a near-duplicate
31,chargematch,dev:ipad-pro-m4,device-hub,/chargematch/ipad-pro-m4,ipad-pro-m4 charger wattage,ipad-pro-m4 max charging wattage,best charger for ipad-pro-m4,47,53,47,GRAPH_ONLY,not a near-duplicate
31,chargematch,dev:steam-deck,device-hub,/chargematch/steam-deck,steam-deck charger wattage,steam-deck max charging wattage,best charger for steam-deck,47,53,47,GRAPH_ONLY,not a near-duplicate
31,chargematch,dev:galaxy-s24,device-hub,/chargematch/galaxy-s24,galaxy-s24 charger wattage,galaxy-s24 max charging wattage,best charger for galaxy-s24,47,53,47,GRAPH_ONLY,not a near-duplicate
31,chargematch,dev:pixel-8,device-hub,/chargematch/pixel-8,pixel-8 charger wattage,pixel-8 max charging wattage,best charger for pixel-8,47,53,47,GRAPH_ONLY,not a near-duplicate
31,chargematch,dev:switch,device-hub,/chargematch/nintendo-switch,nintendo-switch charger wattage,nintendo-switch max charging wattage,best charger for nintendo-switch,47,53,47,GRAPH_ONLY,not a near-duplicate
31,chargematch,dev:airpods-pro,device-wattage,/chargematch/airpods-pro-usbc,airpods-pro-usbc charger wattage,airpods-pro-usbc max charging wattage,best charger for airpods-pro-usbc,47,53,47,GRAPH_ONLY,not a near-duplicate
31,chargematch,dev:watch,device-wattage,/chargematch/apple-watch,apple-watch charger wattage,apple-watch max charging wattage,best charger for apple-watch,47,53,47,GRAPH_ONLY,not a near-duplicate
31,chargematch,dev:iphone-16-pro,device-hub,/chargematch/iphone-16-pro,iphone-16-pro charger wattage,iphone-16-pro max charging wattage,best charger for iphone-16-pro,47,53,47,GRAPH_ONLY,not a near-duplicate
31,chargematch,dev:iphone-14,device-hub,/chargematch/iphone-14,iphone-14 charger wattage,iphone-14 max charging wattage,best charger for iphone-14,47,53,47,GRAPH_ONLY,not a near-duplicate
31,chargematch,dev:mba-m3-15,device-hub,/chargematch/macbook-air-15-m3,macbook-air-15-m3 charger wattage,macbook-air-15-m3 max charging wattage,best charger for macbook-air-15-m3,47,53,47,GRAPH_ONLY,not a near-duplicate
31,chargematch,dev:ipad-air-m2,device-wattage,/chargematch/ipad-air-m2,ipad-air-m2 charger wattage,ipad-air-m2 max charging wattage,best charger for ipad-air-m2,47,53,47,GRAPH_ONLY,not a near-duplicate
31,chargematch,dev:pixel-9,device-hub,/chargematch/pixel-9,pixel-9 charger wattage,pixel-9 max charging wattage,best charger for pixel-9,47,53,47,GRAPH_ONLY,not a near-duplicate
31,chargematch,dev:s24-ultra,device-hub,/chargematch/galaxy-s24-ultra,galaxy-s24-ultra charger wattage,galaxy-s24-ultra max charging wattage,best charger for galaxy-s24-ultra,47,53,47,GRAPH_ONLY,not a near-duplicate
31,chargematch,dev:steam-deck-oled,device-hub,/chargematch/steam-deck-oled,steam-deck-oled charger wattage,steam-deck-oled max charging wattage,best charger for steam-deck-oled,47,53,47,GRAPH_ONLY,not a near-duplicate
31,chargematch,dev:switch-oled,device-hub,/chargematch/nintendo-switch-oled,nintendo-switch-oled charger wattage,nintendo-switch-oled max charging wattage,best charger for nintendo-switch-oled,47,53,47,GRAPH_ONLY,not a near-duplicate
31,chargematch,dev:framework-13,device-wattage,/chargematch/framework-13,framework-13 charger wattage,framework-13 max charging wattage,best charger for framework-13,47,53,47,GRAPH_ONLY,not a near-duplicate
31,chargematch,dev:quest-3,device-wattage,/chargematch/quest-3,quest-3 charger wattage,quest-3 max charging wattage,best charger for quest-3,47,53,47,GRAPH_ONLY,not a near-duplicate
31,chargematch,dev:tab-s9,device-wattage,/chargematch/galaxy-tab-s9,galaxy-tab-s9 charger wattage,galaxy-tab-s9 max charging wattage,best charger for galaxy-tab-s9,47,53,47,GRAPH_ONLY,not a near-duplicate
30,autospec,veh:bmw:3-series:g20:320d-b47:tyres,tyre-pressure,/autospec/bmw/3-series/g20/320d-b47/tyres,bmw 3-series g20 320d-b47 tyre pressure,bmw 3-series g20 320d-b47 tire pressure,,47,52,47,GRAPH_ONLY,not a near-duplicate
30,autospec,veh:toyota:corolla:e210:1-8-hybrid:tyres,tyre-pressure,/autospec/toyota/corolla/e210/1-8-hybrid/tyres,toyota corolla e210 1-8-hybrid tyre pressure,toyota corolla e210 1-8-hybrid tire pressure,,47,52,47,GRAPH_ONLY,not a near-duplicate
30,autospec,veh:honda:civic:11:1-5-vtec:tyres,tyre-pressure,/autospec/honda/civic/11/1-5-vtec/tyres,honda civic 11 1-5-vtec tyre pressure,honda civic 11 1-5-vtec tire pressure,,47,52,47,GRAPH_ONLY,not a near-duplicate
30,autospec,veh:mercedes:c-class:w206:c220d:tyres,tyre-pressure,/autospec/mercedes/c-class/w206/c220d/tyres,mercedes c-class w206 c220d tyre pressure,mercedes c-class w206 c220d tire pressure,,47,52,47,GRAPH_ONLY,not a near-duplicate
30,autospec,veh:audi:a4:b9:2-0-tdi:tyres,tyre-pressure,/autospec/audi/a4/b9/2-0-tdi/tyres,audi a4 b9 2-0-tdi tyre pressure,audi a4 b9 2-0-tdi tire pressure,,47,52,47,GRAPH_ONLY,not a near-duplicate
30,autospec,veh:hyundai:tucson:nx4:1-6-hybrid:tyres,tyre-pressure,/autospec/hyundai/tucson/nx4/1-6-hybrid/tyres,hyundai tucson nx4 1-6-hybrid tyre pressure,hyundai tucson nx4 1-6-hybrid tire pressure,,47,52,47,GRAPH_ONLY,not a near-duplicate
30,autospec,veh:kia:sportage:nq5:1-6-hybrid:tyres,tyre-pressure,/autospec/kia/sportage/nq5/1-6-hybrid/tyres,kia sportage nq5 1-6-hybrid tyre pressure,kia sportage nq5 1-6-hybrid tire pressure,,47,52,47,GRAPH_ONLY,not a near-duplicate
30,autospec,veh:volvo:xc60:t8:recharge:tyres,tyre-pressure,/autospec/volvo/xc60/spa/t8-recharge/tyres,volvo xc60 t8 recharge tyre pressure,volvo xc60 t8 recharge tire pressure,,47,52,47,GRAPH_ONLY,not a near-duplicate
30,autospec,veh:toyota:rav4:xa50:hybrid:tyres,tyre-pressure,/autospec/toyota/rav4/xa50/2-5-hybrid/tyres,toyota rav4 xa50 hybrid tyre pressure,toyota rav4 xa50 hybrid tire pressure,,47,52,47,GRAPH_ONLY,not a near-duplicate
30,autospec,veh:bmw:x5:g05:30d:tyres,tyre-pressure,/autospec/bmw/x5/g05/30d-b57/tyres,bmw x5 g05 30d tyre pressure,bmw x5 g05 30d tire pressure,,47,52,47,GRAPH_ONLY,not a near-duplicate
30,autospec,veh:vw:polo:aw:1-0-tsi:tyres,tyre-pressure,/autospec/volkswagen/polo/aw/1-0-tsi/tyres,vw polo aw 1-0-tsi tyre pressure,vw polo aw 1-0-tsi tire pressure,,47,52,47,GRAPH_ONLY,not a near-duplicate
30,autospec,veh:honda:cr-v:rw:2-0-hybrid:tyres,tyre-pressure,/autospec/honda/cr-v/rw/2-0-hybrid/tyres,honda cr-v rw 2-0-hybrid tyre pressure,honda cr-v rw 2-0-hybrid tire pressure,,47,52,47,GRAPH_ONLY,not a near-duplicate
28,autospec,veh:vw:golf:mk8:2-0-tdi:tyres,tyre-pressure,/autospec/volkswagen/golf/mk8/2-0-tdi/tyres,vw golf mk8 2-0-tdi tyre pressure,vw golf mk8 2-0-tdi tire pressure,,33,50,33,GRAPH_ONLY,not a near-duplicate
28,autospec,veh:tesla:model-3:highland:rwd:tyres,tyre-pressure,/autospec/tesla/model-3/highland/rwd/tyres,tesla model-3 highland rwd tyre pressure,tesla model-3 highland rwd tire pressure,,33,50,33,GRAPH_ONLY,not a near-duplicate
28,autospec,veh:peugeot:208:p21:1-2-puretech:tyres,tyre-pressure,/autospec/peugeot/208/p21/1-2-puretech/tyres,peugeot 208 p21 1-2-puretech tyre pressure,peugeot 208 p21 1-2-puretech tire pressure,,33,50,33,GRAPH_ONLY,not a near-duplicate
28,autospec,veh:renault:clio:v:1-0-tce:tyres,tyre-pressure,/autospec/renault/clio/5/1-0-tce/tyres,renault clio v 1-0-tce tyre pressure,renault clio v 1-0-tce tire pressure,,33,50,33,GRAPH_ONLY,not a near-duplicate
28,autospec,veh:tesla:model-y:juniper:lr:tyres,tyre-pressure,/autospec/tesla/model-y/juniper/lr/tyres,tesla model-y juniper lr tyre pressure,tesla model-y juniper lr tire pressure,,33,50,33,GRAPH_ONLY,not a near-duplicate
28,autospec,veh:vw:id3:e211:pro:tyres,tyre-pressure,/autospec/volkswagen/id3/e21/pro/tyres,vw id3 e211 pro tyre pressure,vw id3 e211 pro tire pressure,,33,50,33,GRAPH_ONLY,not a near-duplicate
28,autospec,veh:ford:focus:mk4:1-0-ecoboost:tyres,tyre-pressure,/autospec/ford/focus/mk4/1-0-ecoboost/tyres,ford focus mk4 1-0-ecoboost tyre pressure,ford focus mk4 1-0-ecoboost tire pressure,,33,50,33,GRAPH_ONLY,not a near-duplicate
28,autospec,veh:peugeot:308:t9:1-2-puretech:tyres,tyre-pressure,/autospec/peugeot/308/t9/1-2-puretech/tyres,peugeot 308 t9 1-2-puretech tyre pressure,peugeot 308 t9 1-2-puretech tire pressure,,33,50,33,GRAPH_ONLY,not a near-duplicate
28,autospec,veh:nissan:qashqai:j12:1-3-digt:tyres,tyre-pressure,/autospec/nissan/qashqai/j12/1-3-digt/tyres,nissan qashqai j12 1-3-digt tyre pressure,nissan qashqai j12 1-3-digt tire pressure,,33,50,33,GRAPH_ONLY,not a near-duplicate
27,autospec,veh:bmw:3-series:g20:320d-b47,vehicle-hub,/autospec/bmw/3-series/g20/320d-b47,bmw 3-series g20 320d-b47 service schedule,bmw 3-series g20 320d-b47 maintenance,,47,49,47,GRAPH_ONLY,not a near-duplicate
27,autospec,veh:toyota:corolla:e210:1-8-hybrid,vehicle-hub,/autospec/toyota/corolla/e210/1-8-hybrid,toyota corolla e210 1-8-hybrid service schedule,toyota corolla e210 1-8-hybrid maintenance,,47,49,47,GRAPH_ONLY,not a near-duplicate
27,autospec,veh:honda:civic:11:1-5-vtec,vehicle-hub,/autospec/honda/civic/11/1-5-vtec,honda civic 11 1-5-vtec service schedule,honda civic 11 1-5-vtec maintenance,,47,49,47,GRAPH_ONLY,not a near-duplicate
27,autospec,veh:mercedes:c-class:w206:c220d,vehicle-hub,/autospec/mercedes/c-class/w206/c220d,mercedes c-class w206 c220d service schedule,mercedes c-class w206 c220d maintenance,,47,49,47,GRAPH_ONLY,not a near-duplicate
27,autospec,veh:audi:a4:b9:2-0-tdi,vehicle-hub,/autospec/audi/a4/b9/2-0-tdi,audi a4 b9 2-0-tdi service schedule,audi a4 b9 2-0-tdi maintenance,,47,49,47,GRAPH_ONLY,not a near-duplicate
27,autospec,veh:hyundai:tucson:nx4:1-6-hybrid,vehicle-hub,/autospec/hyundai/tucson/nx4/1-6-hybrid,hyundai tucson nx4 1-6-hybrid service schedule,hyundai tucson nx4 1-6-hybrid maintenance,,47,49,47,GRAPH_ONLY,not a near-duplicate
27,autospec,veh:kia:sportage:nq5:1-6-hybrid,vehicle-hub,/autospec/kia/sportage/nq5/1-6-hybrid,kia sportage nq5 1-6-hybrid service schedule,kia sportage nq5 1-6-hybrid maintenance,,47,49,47,GRAPH_ONLY,not a near-duplicate
27,autospec,veh:volvo:xc60:t8:recharge,vehicle-hub,/autospec/volvo/xc60/spa/t8-recharge,volvo xc60 t8 recharge service schedule,volvo xc60 t8 recharge maintenance,,47,49,47,GRAPH_ONLY,not a near-duplicate
27,autospec,veh:toyota:rav4:xa50:hybrid,vehicle-hub,/autospec/toyota/rav4/xa50/2-5-hybrid,toyota rav4 xa50 hybrid service schedule,toyota rav4 xa50 hybrid maintenance,,47,49,47,GRAPH_ONLY,not a near-duplicate
27,autospec,veh:bmw:x5:g05:30d,vehicle-hub,/autospec/bmw/x5/g05/30d-b57,bmw x5 g05 30d service schedule,bmw x5 g05 30d maintenance,,47,49,47,GRAPH_ONLY,not a near-duplicate
27,autospec,veh:vw:polo:aw:1-0-tsi,vehicle-hub,/autospec/volkswagen/polo/aw/1-0-tsi,vw polo aw 1-0-tsi service schedule,vw polo aw 1-0-tsi maintenance,,47,49,47,GRAPH_ONLY,not a near-duplicate
27,autospec,veh:honda:cr-v:rw:2-0-hybrid,vehicle-hub,/autospec/honda/cr-v/rw/2-0-hybrid,honda cr-v rw 2-0-hybrid service schedule,honda cr-v rw 2-0-hybrid maintenance,,47,49,47,GRAPH_ONLY,not a near-duplicate
26,autospec,veh:bmw:3-series:g20:320d-b47:battery,battery,/autospec/bmw/3-series/g20/320d-b47/battery,bmw 3-series g20 320d-b47 battery type,bmw 3-series g20 320d-b47 agm battery,,47,48,47,GRAPH_ONLY,not a near-duplicate
26,autospec,veh:bmw:3-series:g20:320d-b47:maintenance,maintenance-schedule,/autospec/bmw/3-series/g20/320d-b47/maintenance,bmw 3-series g20 320d-b47 service schedule,bmw 3-series g20 320d-b47 maintenance,,47,48,47,REVIEW_REQUIRED,not a near-duplicate
26,autospec,veh:toyota:corolla:e210:1-8-hybrid:battery,battery,/autospec/toyota/corolla/e210/1-8-hybrid/battery,toyota corolla e210 1-8-hybrid battery type,toyota corolla e210 1-8-hybrid agm battery,,47,48,47,GRAPH_ONLY,not a near-duplicate
26,autospec,veh:toyota:corolla:e210:1-8-hybrid:maintenance,maintenance-schedule,/autospec/toyota/corolla/e210/1-8-hybrid/maintenance,toyota corolla e210 1-8-hybrid service schedule,toyota corolla e210 1-8-hybrid maintenance,,47,48,47,REVIEW_REQUIRED,not a near-duplicate
26,autospec,veh:honda:civic:11:1-5-vtec:battery,battery,/autospec/honda/civic/11/1-5-vtec/battery,honda civic 11 1-5-vtec battery type,honda civic 11 1-5-vtec agm battery,,47,48,47,GRAPH_ONLY,not a near-duplicate
26,autospec,veh:honda:civic:11:1-5-vtec:maintenance,maintenance-schedule,/autospec/honda/civic/11/1-5-vtec/maintenance,honda civic 11 1-5-vtec service schedule,honda civic 11 1-5-vtec maintenance,,47,48,47,REVIEW_REQUIRED,not a near-duplicate
26,autospec,veh:mercedes:c-class:w206:c220d:battery,battery,/autospec/mercedes/c-class/w206/c220d/battery,mercedes c-class w206 c220d battery type,mercedes c-class w206 c220d agm battery,,47,48,47,GRAPH_ONLY,not a near-duplicate
26,autospec,veh:mercedes:c-class:w206:c220d:maintenance,maintenance-schedule,/autospec/mercedes/c-class/w206/c220d/maintenance,mercedes c-class w206 c220d service schedule,mercedes c-class w206 c220d maintenance,,47,48,47,REVIEW_REQUIRED,not a near-duplicate
26,autospec,veh:audi:a4:b9:2-0-tdi:battery,battery,/autospec/audi/a4/b9/2-0-tdi/battery,audi a4 b9 2-0-tdi battery type,audi a4 b9 2-0-tdi agm battery,,47,48,47,GRAPH_ONLY,not a near-duplicate
26,autospec,veh:audi:a4:b9:2-0-tdi:maintenance,maintenance-schedule,/autospec/audi/a4/b9/2-0-tdi/maintenance,audi a4 b9 2-0-tdi service schedule,audi a4 b9 2-0-tdi maintenance,,47,48,47,REVIEW_REQUIRED,not a near-duplicate
26,autospec,veh:hyundai:tucson:nx4:1-6-hybrid:battery,battery,/autospec/hyundai/tucson/nx4/1-6-hybrid/battery,hyundai tucson nx4 1-6-hybrid battery type,hyundai tucson nx4 1-6-hybrid agm battery,,47,48,47,GRAPH_ONLY,not a near-duplicate
26,autospec,veh:hyundai:tucson:nx4:1-6-hybrid:maintenance,maintenance-schedule,/autospec/hyundai/tucson/nx4/1-6-hybrid/maintenance,hyundai tucson nx4 1-6-hybrid service schedule,hyundai tucson nx4 1-6-hybrid maintenance,,47,48,47,REVIEW_REQUIRED,not a near-duplicate
26,autospec,veh:kia:sportage:nq5:1-6-hybrid:battery,battery,/autospec/kia/sportage/nq5/1-6-hybrid/battery,kia sportage nq5 1-6-hybrid battery type,kia sportage nq5 1-6-hybrid agm battery,,47,48,47,GRAPH_ONLY,not a near-duplicate
26,autospec,veh:kia:sportage:nq5:1-6-hybrid:maintenance,maintenance-schedule,/autospec/kia/sportage/nq5/1-6-hybrid/maintenance,kia sportage nq5 1-6-hybrid service schedule,kia sportage nq5 1-6-hybrid maintenance,,47,48,47,REVIEW_REQUIRED,not a near-duplicate
26,autospec,veh:volvo:xc60:t8:recharge:battery,battery,/autospec/volvo/xc60/spa/t8-recharge/battery,volvo xc60 t8 recharge battery type,volvo xc60 t8 recharge agm battery,,47,48,47,GRAPH_ONLY,not a near-duplicate
26,autospec,veh:volvo:xc60:t8:recharge:maintenance,maintenance-schedule,/autospec/volvo/xc60/spa/t8-recharge/maintenance,volvo xc60 t8 recharge service schedule,volvo xc60 t8 recharge maintenance,,47,48,47,REVIEW_REQUIRED,not a near-duplicate
26,autospec,veh:toyota:rav4:xa50:hybrid:battery,battery,/autospec/toyota/rav4/xa50/2-5-hybrid/battery,toyota rav4 xa50 hybrid battery type,toyota rav4 xa50 hybrid agm battery,,47,48,47,GRAPH_ONLY,not a near-duplicate
26,autospec,veh:toyota:rav4:xa50:hybrid:maintenance,maintenance-schedule,/autospec/toyota/rav4/xa50/2-5-hybrid/maintenance,toyota rav4 xa50 hybrid service schedule,toyota rav4 xa50 hybrid maintenance,,47,48,47,REVIEW_REQUIRED,not a near-duplicate
26,autospec,veh:bmw:x5:g05:30d:battery,battery,/autospec/bmw/x5/g05/30d-b57/battery,bmw x5 g05 30d battery type,bmw x5 g05 30d agm battery,,47,48,47,GRAPH_ONLY,not a near-duplicate
26,autospec,veh:bmw:x5:g05:30d:maintenance,maintenance-schedule,/autospec/bmw/x5/g05/30d-b57/maintenance,bmw x5 g05 30d service schedule,bmw x5 g05 30d maintenance,,47,48,47,REVIEW_REQUIRED,not a near-duplicate
26,autospec,veh:vw:polo:aw:1-0-tsi:battery,battery,/autospec/volkswagen/polo/aw/1-0-tsi/battery,vw polo aw 1-0-tsi battery type,vw polo aw 1-0-tsi agm battery,,47,48,47,GRAPH_ONLY,not a near-duplicate
26,autospec,veh:vw:polo:aw:1-0-tsi:maintenance,maintenance-schedule,/autospec/volkswagen/polo/aw/1-0-tsi/maintenance,vw polo aw 1-0-tsi service schedule,vw polo aw 1-0-tsi maintenance,,47,48,47,REVIEW_REQUIRED,not a near-duplicate
26,autospec,veh:honda:cr-v:rw:2-0-hybrid:battery,battery,/autospec/honda/cr-v/rw/2-0-hybrid/battery,honda cr-v rw 2-0-hybrid battery type,honda cr-v rw 2-0-hybrid agm battery,,47,48,47,GRAPH_ONLY,not a near-duplicate
26,autospec,veh:honda:cr-v:rw:2-0-hybrid:maintenance,maintenance-schedule,/autospec/honda/cr-v/rw/2-0-hybrid/maintenance,honda cr-v rw 2-0-hybrid service schedule,honda cr-v rw 2-0-hybrid maintenance,,47,48,47,REVIEW_REQUIRED,not a near-duplicate
25,autospec,veh:bmw:3-series:g20:320d-b47:problems,common-problems,/autospec/bmw/3-series/g20/320d-b47/problems,bmw 3-series g20 320d-b47 service schedule,bmw 3-series g20 320d-b47 maintenance,,47,47,47,GRAPH_ONLY,not a near-duplicate
25,autospec,veh:toyota:corolla:e210:1-8-hybrid:problems,common-problems,/autospec/toyota/corolla/e210/1-8-hybrid/problems,toyota corolla e210 1-8-hybrid service schedule,toyota corolla e210 1-8-hybrid maintenance,,47,47,47,GRAPH_ONLY,not a near-duplicate
25,autospec,veh:vw:golf:mk8:2-0-tdi,vehicle-hub,/autospec/volkswagen/golf/mk8/2-0-tdi,vw golf mk8 2-0-tdi service schedule,vw golf mk8 2-0-tdi maintenance,,33,47,33,GRAPH_ONLY,not a near-duplicate
25,autospec,veh:tesla:model-3:highland:rwd,vehicle-hub,/autospec/tesla/model-3/highland/rwd,tesla model-3 highland rwd service schedule,tesla model-3 highland rwd maintenance,,33,47,33,GRAPH_ONLY,not a near-duplicate
25,autospec,veh:honda:civic:11:1-5-vtec:problems,common-problems,/autospec/honda/civic/11/1-5-vtec/problems,honda civic 11 1-5-vtec service schedule,honda civic 11 1-5-vtec maintenance,,47,47,47,GRAPH_ONLY,not a near-duplicate
25,autospec,veh:mercedes:c-class:w206:c220d:problems,common-problems,/autospec/mercedes/c-class/w206/c220d/problems,mercedes c-class w206 c220d service schedule,mercedes c-class w206 c220d maintenance,,47,47,47,GRAPH_ONLY,not a near-duplicate
25,autospec,veh:audi:a4:b9:2-0-tdi:problems,common-problems,/autospec/audi/a4/b9/2-0-tdi/problems,audi a4 b9 2-0-tdi service schedule,audi a4 b9 2-0-tdi maintenance,,47,47,47,GRAPH_ONLY,not a near-duplicate
25,autospec,veh:peugeot:208:p21:1-2-puretech,vehicle-hub,/autospec/peugeot/208/p21/1-2-puretech,peugeot 208 p21 1-2-puretech service schedule,peugeot 208 p21 1-2-puretech maintenance,,33,47,33,GRAPH_ONLY,not a near-duplicate
25,autospec,veh:renault:clio:v:1-0-tce,vehicle-hub,/autospec/renault/clio/5/1-0-tce,renault clio v 1-0-tce service schedule,renault clio v 1-0-tce maintenance,,33,47,33,GRAPH_ONLY,not a near-duplicate
25,autospec,veh:hyundai:tucson:nx4:1-6-hybrid:problems,common-problems,/autospec/hyundai/tucson/nx4/1-6-hybrid/problems,hyundai tucson nx4 1-6-hybrid service schedule,hyundai tucson nx4 1-6-hybrid maintenance,,47,47,47,GRAPH_ONLY,not a near-duplicate
25,autospec,veh:kia:sportage:nq5:1-6-hybrid:problems,common-problems,/autospec/kia/sportage/nq5/1-6-hybrid/problems,kia sportage nq5 1-6-hybrid service schedule,kia sportage nq5 1-6-hybrid maintenance,,47,47,47,GRAPH_ONLY,not a near-duplicate
25,autospec,veh:volvo:xc60:t8:recharge:problems,common-problems,/autospec/volvo/xc60/spa/t8-recharge/problems,volvo xc60 t8 recharge service schedule,volvo xc60 t8 recharge maintenance,,47,47,47,GRAPH_ONLY,not a near-duplicate
25,autospec,veh:tesla:model-y:juniper:lr,vehicle-hub,/autospec/tesla/model-y/juniper/lr,tesla model-y juniper lr service schedule,tesla model-y juniper lr maintenance,,33,47,33,GRAPH_ONLY,not a near-duplicate
25,autospec,veh:vw:id3:e211:pro,vehicle-hub,/autospec/volkswagen/id3/e21/pro,vw id3 e211 pro service schedule,vw id3 e211 pro maintenance,,33,47,33,GRAPH_ONLY,not a near-duplicate
25,autospec,veh:toyota:rav4:xa50:hybrid:problems,common-problems,/autospec/toyota/rav4/xa50/2-5-hybrid/problems,toyota rav4 xa50 hybrid service schedule,toyota rav4 xa50 hybrid maintenance,,47,47,47,GRAPH_ONLY,not a near-duplicate
25,autospec,veh:bmw:x5:g05:30d:problems,common-problems,/autospec/bmw/x5/g05/30d-b57/problems,bmw x5 g05 30d service schedule,bmw x5 g05 30d maintenance,,47,47,47,GRAPH_ONLY,not a near-duplicate
25,autospec,veh:ford:focus:mk4:1-0-ecoboost,vehicle-hub,/autospec/ford/focus/mk4/1-0-ecoboost,ford focus mk4 1-0-ecoboost service schedule,ford focus mk4 1-0-ecoboost maintenance,,33,47,33,GRAPH_ONLY,not a near-duplicate
25,autospec,veh:vw:polo:aw:1-0-tsi:problems,common-problems,/autospec/volkswagen/polo/aw/1-0-tsi/problems,vw polo aw 1-0-tsi service schedule,vw polo aw 1-0-tsi maintenance,,47,47,47,GRAPH_ONLY,not a near-duplicate
25,autospec,veh:peugeot:308:t9:1-2-puretech,vehicle-hub,/autospec/peugeot/308/t9/1-2-puretech,peugeot 308 t9 1-2-puretech service schedule,peugeot 308 t9 1-2-puretech maintenance,,33,47,33,GRAPH_ONLY,not a near-duplicate
25,autospec,veh:nissan:qashqai:j12:1-3-digt,vehicle-hub,/autospec/nissan/qashqai/j12/1-3-digt,nissan qashqai j12 1-3-digt service schedule,nissan qashqai j12 1-3-digt maintenance,,33,47,33,GRAPH_ONLY,not a near-duplicate
25,autospec,veh:honda:cr-v:rw:2-0-hybrid:problems,common-problems,/autospec/honda/cr-v/rw/2-0-hybrid/problems,honda cr-v rw 2-0-hybrid service schedule,honda cr-v rw 2-0-hybrid maintenance,,47,47,47,GRAPH_ONLY,not a near-duplicate
25,wearthere,dest:paris,destination-hub,/wearthere/paris,what to wear in paris,paris packing list,,47,47,47,GRAPH_ONLY,not a near-duplicate
25,wearthere,dest:tokyo,destination-hub,/wearthere/tokyo,what to wear in tokyo,tokyo packing list,,47,47,47,GRAPH_ONLY,not a near-duplicate
25,wearthere,dest:new-york,destination-hub,/wearthere/new-york,what to wear in new york,new york packing list,,47,47,47,GRAPH_ONLY,not a near-duplicate
25,wearthere,dest:london,destination-hub,/wearthere/london,what to wear in london,london packing list,,47,47,47,GRAPH_ONLY,not a near-duplicate
25,wearthere,dest:barcelona,destination-hub,/wearthere/barcelona,what to wear in barcelona,barcelona packing list,,47,47,47,GRAPH_ONLY,not a near-duplicate
25,wearthere,dest:reykjavik,destination-hub,/wearthere/reykjavik,what to wear in reykjavik,reykjavik packing list,,47,47,47,GRAPH_ONLY,not a near-duplicate
25,wearthere,dest:dubai,destination-hub,/wearthere/dubai,what to wear in dubai,dubai packing list,,47,47,47,GRAPH_ONLY,not a near-duplicate
25,wearthere,dest:lisbon,destination-hub,/wearthere/lisbon,what to wear in lisbon,lisbon packing list,,47,47,47,GRAPH_ONLY,not a near-duplicate
25,wearthere,dest:rome,destination-hub,/wearthere/rome,what to wear in rome,rome packing list,,47,47,47,GRAPH_ONLY,not a near-duplicate
25,wearthere,dest:amsterdam,destination-hub,/wearthere/amsterdam,what to wear in amsterdam,amsterdam packing list,,47,47,47,GRAPH_ONLY,not a near-duplicate
25,wearthere,dest:berlin,destination-hub,/wearthere/berlin,what to wear in berlin,berlin packing list,,47,47,47,GRAPH_ONLY,not a near-duplicate
25,wearthere,dest:madrid,destination-hub,/wearthere/madrid,what to wear in madrid,madrid packing list,,47,47,47,GRAPH_ONLY,not a near-duplicate
25,wearthere,dest:seoul,destination-hub,/wearthere/seoul,what to wear in seoul,seoul packing list,,47,47,47,GRAPH_ONLY,not a near-duplicate
25,wearthere,dest:singapore,destination-hub,/wearthere/singapore,what to wear in singapore,singapore packing list,,47,47,47,GRAPH_ONLY,not a near-duplicate
25,wearthere,dest:sydney,destination-hub,/wearthere/sydney,what to wear in sydney,sydney packing list,,47,47,47,GRAPH_ONLY,not a near-duplicate
25,wearthere,dest:los-angeles,destination-hub,/wearthere/los-angeles,what to wear in los angeles,los angeles packing list,,47,47,47,GRAPH_ONLY,not a near-duplicate
25,wearthere,dest:chicago,destination-hub,/wearthere/chicago,what to wear in chicago,chicago packing list,,47,47,47,GRAPH_ONLY,not a near-duplicate
25,wearthere,dest:toronto,destination-hub,/wearthere/toronto,what to wear in toronto,toronto packing list,,47,47,47,GRAPH_ONLY,not a near-duplicate
25,wearthere,dest:dublin,destination-hub,/wearthere/dublin,what to wear in dublin,dublin packing list,,47,47,47,GRAPH_ONLY,not a near-duplicate
25,wearthere,dest:copenhagen,destination-hub,/wearthere/copenhagen,what to wear in copenhagen,copenhagen packing list,,47,47,47,GRAPH_ONLY,not a near-duplicate
25,wearthere,dest:vienna,destination-hub,/wearthere/vienna,what to wear in vienna,vienna packing list,,47,47,47,GRAPH_ONLY,not a near-duplicate
25,wearthere,dest:prague,destination-hub,/wearthere/prague,what to wear in prague,prague packing list,,47,47,47,GRAPH_ONLY,not a near-duplicate
25,wearthere,dest:bangkok,destination-hub,/wearthere/bangkok,what to wear in bangkok,bangkok packing list,,47,47,47,GRAPH_ONLY,not a near-duplicate
25,wearthere,dest:marrakech,destination-hub,/wearthere/marrakech,what to wear in marrakech,marrakech packing list,,47,47,47,GRAPH_ONLY,not a near-duplicate
25,wearthere,dest:istanbul,destination-hub,/wearthere/istanbul,what to wear in istanbul,istanbul packing list,,47,47,47,GRAPH_ONLY,not a near-duplicate
25,wearthere,dest:hong-kong,destination-hub,/wearthere/hong-kong,what to wear in hong kong,hong kong packing list,,47,47,47,GRAPH_ONLY,not a near-duplicate
25,wearthere,dest:miami,destination-hub,/wearthere/miami,what to wear in miami,miami packing list,,47,47,47,GRAPH_ONLY,not a near-duplicate
25,wearthere,dest:osaka,destination-hub,/wearthere/osaka,what to wear in osaka,osaka packing list,,47,47,47,GRAPH_ONLY,not a near-duplicate
25,wearthere,dest:vancouver,destination-hub,/wearthere/vancouver,what to wear in vancouver,vancouver packing list,,47,47,47,GRAPH_ONLY,not a near-duplicate
25,wearthere,dest:edinburgh,destination-hub,/wearthere/edinburgh,what to wear in edinburgh,edinburgh packing list,,47,47,47,GRAPH_ONLY,not a near-duplicate
25,wearthere,dest:florence,destination-hub,/wearthere/florence,what to wear in florence,florence packing list,,47,47,47,GRAPH_ONLY,not a near-duplicate
25,wearthere,dest:cape-town,destination-hub,/wearthere/cape-town,what to wear in cape town,cape town packing list,,47,47,47,GRAPH_ONLY,not a near-duplicate
24,autospec,veh:vw:golf:mk8:2-0-tdi:battery,battery,/autospec/volkswagen/golf/mk8/2-0-tdi/battery,vw golf mk8 2-0-tdi battery type,vw golf mk8 2-0-tdi agm battery,,33,46,33,GRAPH_ONLY,not a near-duplicate
24,autospec,veh:vw:golf:mk8:2-0-tdi:maintenance,maintenance-schedule,/autospec/volkswagen/golf/mk8/2-0-tdi/maintenance,vw golf mk8 2-0-tdi service schedule,vw golf mk8 2-0-tdi maintenance,,33,46,33,REVIEW_REQUIRED,not a near-duplicate
24,autospec,veh:tesla:model-3:highland:rwd:battery,battery,/autospec/tesla/model-3/highland/rwd/battery,tesla model-3 highland rwd battery type,tesla model-3 highland rwd agm battery,,33,46,33,GRAPH_ONLY,not a near-duplicate
24,autospec,veh:tesla:model-3:highland:rwd:maintenance,maintenance-schedule,/autospec/tesla/model-3/highland/rwd/maintenance,tesla model-3 highland rwd service schedule,tesla model-3 highland rwd maintenance,,33,46,33,REVIEW_REQUIRED,not a near-duplicate
24,autospec,veh:peugeot:208:p21:1-2-puretech:battery,battery,/autospec/peugeot/208/p21/1-2-puretech/battery,peugeot 208 p21 1-2-puretech battery type,peugeot 208 p21 1-2-puretech agm battery,,33,46,33,GRAPH_ONLY,not a near-duplicate
24,autospec,veh:peugeot:208:p21:1-2-puretech:maintenance,maintenance-schedule,/autospec/peugeot/208/p21/1-2-puretech/maintenance,peugeot 208 p21 1-2-puretech service schedule,peugeot 208 p21 1-2-puretech maintenance,,33,46,33,REVIEW_REQUIRED,not a near-duplicate
24,autospec,veh:renault:clio:v:1-0-tce:battery,battery,/autospec/renault/clio/5/1-0-tce/battery,renault clio v 1-0-tce battery type,renault clio v 1-0-tce agm battery,,33,46,33,GRAPH_ONLY,not a near-duplicate
24,autospec,veh:renault:clio:v:1-0-tce:maintenance,maintenance-schedule,/autospec/renault/clio/5/1-0-tce/maintenance,renault clio v 1-0-tce service schedule,renault clio v 1-0-tce maintenance,,33,46,33,REVIEW_REQUIRED,not a near-duplicate
24,autospec,veh:tesla:model-y:juniper:lr:battery,battery,/autospec/tesla/model-y/juniper/lr/battery,tesla model-y juniper lr battery type,tesla model-y juniper lr agm battery,,33,46,33,GRAPH_ONLY,not a near-duplicate
24,autospec,veh:tesla:model-y:juniper:lr:maintenance,maintenance-schedule,/autospec/tesla/model-y/juniper/lr/maintenance,tesla model-y juniper lr service schedule,tesla model-y juniper lr maintenance,,33,46,33,REVIEW_REQUIRED,not a near-duplicate
24,autospec,veh:vw:id3:e211:pro:battery,battery,/autospec/volkswagen/id3/e21/pro/battery,vw id3 e211 pro battery type,vw id3 e211 pro agm battery,,33,46,33,GRAPH_ONLY,not a near-duplicate
24,autospec,veh:vw:id3:e211:pro:maintenance,maintenance-schedule,/autospec/volkswagen/id3/e21/pro/maintenance,vw id3 e211 pro service schedule,vw id3 e211 pro maintenance,,33,46,33,REVIEW_REQUIRED,not a near-duplicate
24,autospec,veh:ford:focus:mk4:1-0-ecoboost:battery,battery,/autospec/ford/focus/mk4/1-0-ecoboost/battery,ford focus mk4 1-0-ecoboost battery type,ford focus mk4 1-0-ecoboost agm battery,,33,46,33,GRAPH_ONLY,not a near-duplicate
24,autospec,veh:ford:focus:mk4:1-0-ecoboost:maintenance,maintenance-schedule,/autospec/ford/focus/mk4/1-0-ecoboost/maintenance,ford focus mk4 1-0-ecoboost service schedule,ford focus mk4 1-0-ecoboost maintenance,,33,46,33,REVIEW_REQUIRED,not a near-duplicate
24,autospec,veh:peugeot:308:t9:1-2-puretech:battery,battery,/autospec/peugeot/308/t9/1-2-puretech/battery,peugeot 308 t9 1-2-puretech battery type,peugeot 308 t9 1-2-puretech agm battery,,33,46,33,GRAPH_ONLY,not a near-duplicate
24,autospec,veh:peugeot:308:t9:1-2-puretech:maintenance,maintenance-schedule,/autospec/peugeot/308/t9/1-2-puretech/maintenance,peugeot 308 t9 1-2-puretech service schedule,peugeot 308 t9 1-2-puretech maintenance,,33,46,33,REVIEW_REQUIRED,not a near-duplicate
24,autospec,veh:nissan:qashqai:j12:1-3-digt:battery,battery,/autospec/nissan/qashqai/j12/1-3-digt/battery,nissan qashqai j12 1-3-digt battery type,nissan qashqai j12 1-3-digt agm battery,,33,46,33,GRAPH_ONLY,not a near-duplicate
24,autospec,veh:nissan:qashqai:j12:1-3-digt:maintenance,maintenance-schedule,/autospec/nissan/qashqai/j12/1-3-digt/maintenance,nissan qashqai j12 1-3-digt service schedule,nissan qashqai j12 1-3-digt maintenance,,33,46,33,REVIEW_REQUIRED,not a near-duplicate
23,autospec,veh:vw:golf:mk8:2-0-tdi:problems,common-problems,/autospec/volkswagen/golf/mk8/2-0-tdi/problems,vw golf mk8 2-0-tdi service schedule,vw golf mk8 2-0-tdi maintenance,,33,45,33,GRAPH_ONLY,not a near-duplicate
23,autospec,veh:tesla:model-3:highland:rwd:problems,common-problems,/autospec/tesla/model-3/highland/rwd/problems,tesla model-3 highland rwd service schedule,tesla model-3 highland rwd maintenance,,33,45,33,GRAPH_ONLY,not a near-duplicate
23,autospec,veh:peugeot:208:p21:1-2-puretech:problems,common-problems,/autospec/peugeot/208/p21/1-2-puretech/problems,peugeot 208 p21 1-2-puretech service schedule,peugeot 208 p21 1-2-puretech maintenance,,33,45,33,GRAPH_ONLY,not a near-duplicate
23,autospec,veh:renault:clio:v:1-0-tce:problems,common-problems,/autospec/renault/clio/5/1-0-tce/problems,renault clio v 1-0-tce service schedule,renault clio v 1-0-tce maintenance,,33,45,33,GRAPH_ONLY,not a near-duplicate
23,autospec,veh:tesla:model-y:juniper:lr:problems,common-problems,/autospec/tesla/model-y/juniper/lr/problems,tesla model-y juniper lr service schedule,tesla model-y juniper lr maintenance,,33,45,33,GRAPH_ONLY,not a near-duplicate
23,autospec,veh:vw:id3:e211:pro:problems,common-problems,/autospec/volkswagen/id3/e21/pro/problems,vw id3 e211 pro service schedule,vw id3 e211 pro maintenance,,33,45,33,GRAPH_ONLY,not a near-duplicate
23,autospec,veh:ford:focus:mk4:1-0-ecoboost:problems,common-problems,/autospec/ford/focus/mk4/1-0-ecoboost/problems,ford focus mk4 1-0-ecoboost service schedule,ford focus mk4 1-0-ecoboost maintenance,,33,45,33,GRAPH_ONLY,not a near-duplicate
23,autospec,veh:peugeot:308:t9:1-2-puretech:problems,common-problems,/autospec/peugeot/308/t9/1-2-puretech/problems,peugeot 308 t9 1-2-puretech service schedule,peugeot 308 t9 1-2-puretech maintenance,,33,45,33,GRAPH_ONLY,not a near-duplicate
23,autospec,veh:nissan:qashqai:j12:1-3-digt:problems,common-problems,/autospec/nissan/qashqai/j12/1-3-digt/problems,nissan qashqai j12 1-3-digt service schedule,nissan qashqai j12 1-3-digt maintenance,,33,45,33,GRAPH_ONLY,not a near-duplicate
15,tripcost,paris-lyon:driving,route-driving,/tripcost/paris/to/lyon/driving-cost,to drive vs train cost,cost to drive,car vs train,33,52,33,REVIEW_REQUIRED,not a near-duplicate; heuristic fare — demand cannot unlock INDEXABLE yet
15,tripcost,paris-barcelona:driving,route-driving,/tripcost/paris/to/barcelona/driving-cost,to drive vs train cost,cost to drive,car vs train,33,52,33,REVIEW_REQUIRED,not a near-duplicate; heuristic fare — demand cannot unlock INDEXABLE yet
15,tripcost,london-paris:driving,route-driving,/tripcost/london/to/paris/driving-cost,to drive vs train cost,cost to drive,car vs train,33,52,33,REVIEW_REQUIRED,not a near-duplicate; heuristic fare — demand cannot unlock INDEXABLE yet
15,tripcost,berlin-munich:driving,route-driving,/tripcost/berlin/to/munich/driving-cost,to drive vs train cost,cost to drive,car vs train,33,52,33,REVIEW_REQUIRED,not a near-duplicate; heuristic fare — demand cannot unlock INDEXABLE yet
15,tripcost,paris-amsterdam:driving,route-driving,/tripcost/paris/to/amsterdam/driving-cost,to drive vs train cost,cost to drive,car vs train,33,52,33,REVIEW_REQUIRED,not a near-duplicate; heuristic fare — demand cannot unlock INDEXABLE yet
15,tripcost,paris-brussels:driving,route-driving,/tripcost/paris/to/brussels/driving-cost,to drive vs train cost,cost to drive,car vs train,33,52,33,REVIEW_REQUIRED,not a near-duplicate; heuristic fare — demand cannot unlock INDEXABLE yet
15,tripcost,milan-munich:driving,route-driving,/tripcost/milan/to/munich/driving-cost,to drive vs train cost,cost to drive,car vs train,33,52,33,REVIEW_REQUIRED,not a near-duplicate; heuristic fare — demand cannot unlock INDEXABLE yet
15,tripcost,paris-rome:driving,route-driving,/tripcost/paris/to/rome/driving-cost,to drive vs train cost,cost to drive,car vs train,33,52,33,REVIEW_REQUIRED,not a near-duplicate; heuristic fare — demand cannot unlock INDEXABLE yet
15,tripcost,amsterdam-berlin:driving,route-driving,/tripcost/amsterdam/to/berlin/driving-cost,to drive vs train cost,cost to drive,car vs train,33,52,33,REVIEW_REQUIRED,not a near-duplicate; heuristic fare — demand cannot unlock INDEXABLE yet
15,tripcost,madrid-barcelona:driving,route-driving,/tripcost/madrid/to/barcelona/driving-cost,to drive vs train cost,cost to drive,car vs train,33,52,33,REVIEW_REQUIRED,not a near-duplicate; heuristic fare — demand cannot unlock INDEXABLE yet
15,tripcost,rome-milan:driving,route-driving,/tripcost/rome/to/milan/driving-cost,to drive vs train cost,cost to drive,car vs train,33,52,33,REVIEW_REQUIRED,not a near-duplicate; heuristic fare — demand cannot unlock INDEXABLE yet
15,tripcost,london-amsterdam:driving,route-driving,/tripcost/london/to/amsterdam/driving-cost,to drive vs train cost,cost to drive,car vs train,33,52,33,REVIEW_REQUIRED,not a near-duplicate; heuristic fare — demand cannot unlock INDEXABLE yet
15,tripcost,paris-frankfurt:driving,route-driving,/tripcost/paris/to/frankfurt/driving-cost,to drive vs train cost,cost to drive,car vs train,33,52,33,REVIEW_REQUIRED,not a near-duplicate; heuristic fare — demand cannot unlock INDEXABLE yet
15,tripcost,munich-zurich:driving,route-driving,/tripcost/munich/to/zurich/driving-cost,to drive vs train cost,cost to drive,car vs train,33,52,33,REVIEW_REQUIRED,not a near-duplicate; heuristic fare — demand cannot unlock INDEXABLE yet
15,tripcost,lyon-marseille:driving,route-driving,/tripcost/lyon/to/marseille/driving-cost,to drive vs train cost,cost to drive,car vs train,33,52,33,REVIEW_REQUIRED,not a near-duplicate; heuristic fare — demand cannot unlock INDEXABLE yet
15,tripcost,berlin-hamburg:driving,route-driving,/tripcost/berlin/to/hamburg/driving-cost,to drive vs train cost,cost to drive,car vs train,33,52,33,REVIEW_REQUIRED,not a near-duplicate; heuristic fare — demand cannot unlock INDEXABLE yet
15,tripcost,paris-geneva:driving,route-driving,/tripcost/paris/to/geneva/driving-cost,to drive vs train cost,cost to drive,car vs train,33,52,33,REVIEW_REQUIRED,not a near-duplicate; heuristic fare — demand cannot unlock INDEXABLE yet
15,tripcost,brussels-amsterdam:driving,route-driving,/tripcost/brussels/to/amsterdam/driving-cost,to drive vs train cost,cost to drive,car vs train,33,52,33,REVIEW_REQUIRED,not a near-duplicate; heuristic fare — demand cannot unlock INDEXABLE yet
15,tripcost,lisbon-madrid:driving,route-driving,/tripcost/lisbon/to/madrid/driving-cost,to drive vs train cost,cost to drive,car vs train,33,52,33,REVIEW_REQUIRED,not a near-duplicate; heuristic fare — demand cannot unlock INDEXABLE yet
